,Splicing Gene,phenotype,Expression Gene,Pearson R,event_id,modality,gene_name,Correlation Direction
186102,SMARCE1,MN,ENSG00000003056,0.516012533419,exon:chr17:38801828-38801871:-@exon:chr17:38798707-38798811:-@exon:chr17:38793744-38793824:-,bimodal,M6PR,(+) Positive
186259,SMARCE1,MN,ENSG00000010322,0.511057977468,exon:chr17:38801828-38801871:-@exon:chr17:38798707-38798811:-@exon:chr17:38793744-38793824:-,bimodal,NISCH,(+) Positive
186385,SMARCE1,MN,ENSG00000023902,0.510192267812,exon:chr17:38801828-38801871:-@exon:chr17:38798707-38798811:-@exon:chr17:38793744-38793824:-,bimodal,PLEKHO1,(+) Positive
186440,SMARCE1,MN,ENSG00000033867,0.505321908103,exon:chr17:38801828-38801871:-@exon:chr17:38798707-38798811:-@exon:chr17:38793744-38793824:-,bimodal,SLC4A7,(+) Positive
186451,SMARCE1,MN,ENSG00000035403,0.503905820521,exon:chr17:38801828-38801871:-@exon:chr17:38798707-38798811:-@exon:chr17:38793744-38793824:-,bimodal,VCL,(+) Positive
186457,SMARCE1,MN,ENSG00000035928,0.536348413255,exon:chr17:38801828-38801871:-@exon:chr17:38798707-38798811:-@exon:chr17:38793744-38793824:-,bimodal,RFC1,(+) Positive
186479,SMARCE1,MN,ENSG00000039319,0.506512226646,exon:chr17:38801828-38801871:-@exon:chr17:38798707-38798811:-@exon:chr17:38793744-38793824:-,bimodal,ZFYVE16,(+) Positive
186540,SMARCE1,MN,ENSG00000048544,0.504221286551,exon:chr17:38801828-38801871:-@exon:chr17:38798707-38798811:-@exon:chr17:38793744-38793824:-,bimodal,MRPS10,(+) Positive
186607,SMARCE1,MN,ENSG00000055044,0.629949487876,exon:chr17:38801828-38801871:-@exon:chr17:38798707-38798811:-@exon:chr17:38793744-38793824:-,bimodal,NOP58,(+) Positive
186639,SMARCE1,MN,ENSG00000058272,0.548524242049,exon:chr17:38801828-38801871:-@exon:chr17:38798707-38798811:-@exon:chr17:38793744-38793824:-,bimodal,PPP1R12A,(+) Positive
186675,SMARCE1,MN,ENSG00000062485,0.522779820914,exon:chr17:38801828-38801871:-@exon:chr17:38798707-38798811:-@exon:chr17:38793744-38793824:-,bimodal,CS,(+) Positive
186731,SMARCE1,MN,ENSG00000065243,0.503203928453,exon:chr17:38801828-38801871:-@exon:chr17:38798707-38798811:-@exon:chr17:38793744-38793824:-,bimodal,PKN2,(+) Positive
186757,SMARCE1,MN,ENSG00000065911,0.556905848408,exon:chr17:38801828-38801871:-@exon:chr17:38798707-38798811:-@exon:chr17:38793744-38793824:-,bimodal,MTHFD2,(+) Positive
186796,SMARCE1,MN,ENSG00000067167,0.563334718505,exon:chr17:38801828-38801871:-@exon:chr17:38798707-38798811:-@exon:chr17:38793744-38793824:-,bimodal,TRAM1,(+) Positive
186850,SMARCE1,MN,ENSG00000069345,-0.501449680762,exon:chr17:38801828-38801871:-@exon:chr17:38798707-38798811:-@exon:chr17:38793744-38793824:-,bimodal,DNAJA2,(-) Negative
186901,SMARCE1,MN,ENSG00000071082,0.587929950763,exon:chr17:38801828-38801871:-@exon:chr17:38798707-38798811:-@exon:chr17:38793744-38793824:-,bimodal,RPL31,(+) Positive
186912,SMARCE1,MN,ENSG00000071564,0.515933339103,exon:chr17:38801828-38801871:-@exon:chr17:38798707-38798811:-@exon:chr17:38793744-38793824:-,bimodal,TCF3,(+) Positive
186938,SMARCE1,MN,ENSG00000072506,0.563528297315,exon:chr17:38801828-38801871:-@exon:chr17:38798707-38798811:-@exon:chr17:38793744-38793824:-,bimodal,HSD17B10,(+) Positive
187003,SMARCE1,MN,ENSG00000075142,0.564355379071,exon:chr17:38801828-38801871:-@exon:chr17:38798707-38798811:-@exon:chr17:38793744-38793824:-,bimodal,SRI,(+) Positive
187073,SMARCE1,MN,ENSG00000077312,0.503064361579,exon:chr17:38801828-38801871:-@exon:chr17:38798707-38798811:-@exon:chr17:38793744-38793824:-,bimodal,SNRPA,(+) Positive
187101,SMARCE1,MN,ENSG00000078369,0.553385484494,exon:chr17:38801828-38801871:-@exon:chr17:38798707-38798811:-@exon:chr17:38793744-38793824:-,bimodal,GNB1,(+) Positive
187152,SMARCE1,MN,ENSG00000080608,0.501352843072,exon:chr17:38801828-38801871:-@exon:chr17:38798707-38798811:-@exon:chr17:38793744-38793824:-,bimodal,KIAA0020,(+) Positive
187158,SMARCE1,MN,ENSG00000080824,-0.515144467247,exon:chr17:38801828-38801871:-@exon:chr17:38798707-38798811:-@exon:chr17:38793744-38793824:-,bimodal,HSP90AA1,(-) Negative
187181,SMARCE1,MN,ENSG00000081870,0.627149426899,exon:chr17:38801828-38801871:-@exon:chr17:38798707-38798811:-@exon:chr17:38793744-38793824:-,bimodal,HSPB11,(+) Positive
187190,SMARCE1,MN,ENSG00000082258,0.503581615764,exon:chr17:38801828-38801871:-@exon:chr17:38798707-38798811:-@exon:chr17:38793744-38793824:-,bimodal,CCNT2,(+) Positive
187199,SMARCE1,MN,ENSG00000082701,0.584743573505,exon:chr17:38801828-38801871:-@exon:chr17:38798707-38798811:-@exon:chr17:38793744-38793824:-,bimodal,GSK3B,(+) Positive
187294,SMARCE1,MN,ENSG00000086475,0.528787093589,exon:chr17:38801828-38801871:-@exon:chr17:38798707-38798811:-@exon:chr17:38793744-38793824:-,bimodal,SEPHS1,(+) Positive
187325,SMARCE1,MN,ENSG00000087274,0.551439538116,exon:chr17:38801828-38801871:-@exon:chr17:38798707-38798811:-@exon:chr17:38793744-38793824:-,bimodal,ADD1,(+) Positive
187390,SMARCE1,MN,ENSG00000089159,0.642834889822,exon:chr17:38801828-38801871:-@exon:chr17:38798707-38798811:-@exon:chr17:38793744-38793824:-,bimodal,PXN,(+) Positive
187475,SMARCE1,MN,ENSG00000091640,0.514115639001,exon:chr17:38801828-38801871:-@exon:chr17:38798707-38798811:-@exon:chr17:38793744-38793824:-,bimodal,SPAG7,(+) Positive
187495,SMARCE1,MN,ENSG00000092199,0.52633922622,exon:chr17:38801828-38801871:-@exon:chr17:38798707-38798811:-@exon:chr17:38793744-38793824:-,bimodal,HNRNPC,(+) Positive
187497,SMARCE1,MN,ENSG00000092201,0.584134972667,exon:chr17:38801828-38801871:-@exon:chr17:38798707-38798811:-@exon:chr17:38793744-38793824:-,bimodal,SUPT16H,(+) Positive
187509,SMARCE1,MN,ENSG00000092841,0.527334529379,exon:chr17:38801828-38801871:-@exon:chr17:38798707-38798811:-@exon:chr17:38793744-38793824:-,bimodal,MYL6,(+) Positive
187535,SMARCE1,MN,ENSG00000095015,0.546962342264,exon:chr17:38801828-38801871:-@exon:chr17:38798707-38798811:-@exon:chr17:38793744-38793824:-,bimodal,MAP3K1,(+) Positive
187587,SMARCE1,MN,ENSG00000099331,0.52474615818,exon:chr17:38801828-38801871:-@exon:chr17:38798707-38798811:-@exon:chr17:38793744-38793824:-,bimodal,MYO9B,(+) Positive
187681,SMARCE1,MN,ENSG00000100281,0.527357686543,exon:chr17:38801828-38801871:-@exon:chr17:38798707-38798811:-@exon:chr17:38793744-38793824:-,bimodal,HMGXB4,(+) Positive
187700,SMARCE1,MN,ENSG00000100345,0.543673258978,exon:chr17:38801828-38801871:-@exon:chr17:38798707-38798811:-@exon:chr17:38793744-38793824:-,bimodal,MYH9,(+) Positive
187789,SMARCE1,MN,ENSG00000100836,0.517490646468,exon:chr17:38801828-38801871:-@exon:chr17:38798707-38798811:-@exon:chr17:38793744-38793824:-,bimodal,PABPN1,(+) Positive
187835,SMARCE1,MN,ENSG00000101158,0.552073457036,exon:chr17:38801828-38801871:-@exon:chr17:38798707-38798811:-@exon:chr17:38793744-38793824:-,bimodal,NELFCD,(+) Positive
187948,SMARCE1,MN,ENSG00000102172,0.584761688099,exon:chr17:38801828-38801871:-@exon:chr17:38798707-38798811:-@exon:chr17:38793744-38793824:-,bimodal,SMS,(+) Positive
187959,SMARCE1,MN,ENSG00000102265,0.561630616921,exon:chr17:38801828-38801871:-@exon:chr17:38798707-38798811:-@exon:chr17:38793744-38793824:-,bimodal,TIMP1,(+) Positive
188000,SMARCE1,MN,ENSG00000102898,0.511838104933,exon:chr17:38801828-38801871:-@exon:chr17:38798707-38798811:-@exon:chr17:38793744-38793824:-,bimodal,NUTF2,(+) Positive
188045,SMARCE1,MN,ENSG00000103202,0.519246374278,exon:chr17:38801828-38801871:-@exon:chr17:38798707-38798811:-@exon:chr17:38793744-38793824:-,bimodal,NME4,(+) Positive
188064,SMARCE1,MN,ENSG00000103404,0.544562926119,exon:chr17:38801828-38801871:-@exon:chr17:38798707-38798811:-@exon:chr17:38793744-38793824:-,bimodal,USP31,(+) Positive
188115,SMARCE1,MN,ENSG00000104177,0.525301359307,exon:chr17:38801828-38801871:-@exon:chr17:38798707-38798811:-@exon:chr17:38793744-38793824:-,bimodal,MYEF2,(+) Positive
188147,SMARCE1,MN,ENSG00000104490,0.581290110503,exon:chr17:38801828-38801871:-@exon:chr17:38798707-38798811:-@exon:chr17:38793744-38793824:-,bimodal,NCALD,(+) Positive
188173,SMARCE1,MN,ENSG00000104756,0.543045554771,exon:chr17:38801828-38801871:-@exon:chr17:38798707-38798811:-@exon:chr17:38793744-38793824:-,bimodal,KCTD9,(+) Positive
188175,SMARCE1,MN,ENSG00000104765,0.503016173808,exon:chr17:38801828-38801871:-@exon:chr17:38798707-38798811:-@exon:chr17:38793744-38793824:-,bimodal,BNIP3L,(+) Positive
188180,SMARCE1,MN,ENSG00000104824,0.533887798573,exon:chr17:38801828-38801871:-@exon:chr17:38798707-38798811:-@exon:chr17:38793744-38793824:-,bimodal,HNRNPL,(+) Positive
188201,SMARCE1,MN,ENSG00000104960,0.533927572917,exon:chr17:38801828-38801871:-@exon:chr17:38798707-38798811:-@exon:chr17:38793744-38793824:-,bimodal,PTOV1,(+) Positive
188211,SMARCE1,MN,ENSG00000105048,-0.527205009848,exon:chr17:38801828-38801871:-@exon:chr17:38798707-38798811:-@exon:chr17:38793744-38793824:-,bimodal,TNNT1,(-) Negative
188238,SMARCE1,MN,ENSG00000105258,0.500272699964,exon:chr17:38801828-38801871:-@exon:chr17:38798707-38798811:-@exon:chr17:38793744-38793824:-,bimodal,POLR2I,(+) Positive
188248,SMARCE1,MN,ENSG00000105372,0.51177248626,exon:chr17:38801828-38801871:-@exon:chr17:38798707-38798811:-@exon:chr17:38793744-38793824:-,bimodal,RPS19,(+) Positive
188300,SMARCE1,MN,ENSG00000105677,0.580216030417,exon:chr17:38801828-38801871:-@exon:chr17:38798707-38798811:-@exon:chr17:38793744-38793824:-,bimodal,TMEM147,(+) Positive
188327,SMARCE1,MN,ENSG00000105854,0.579157986834,exon:chr17:38801828-38801871:-@exon:chr17:38798707-38798811:-@exon:chr17:38793744-38793824:-,bimodal,PON2,(+) Positive
188365,SMARCE1,MN,ENSG00000106105,0.605396824129,exon:chr17:38801828-38801871:-@exon:chr17:38798707-38798811:-@exon:chr17:38793744-38793824:-,bimodal,GARS,(+) Positive
188416,SMARCE1,MN,ENSG00000106609,0.516694987037,exon:chr17:38801828-38801871:-@exon:chr17:38798707-38798811:-@exon:chr17:38793744-38793824:-,bimodal,TMEM248,(+) Positive
188425,SMARCE1,MN,ENSG00000106682,0.506270536482,exon:chr17:38801828-38801871:-@exon:chr17:38798707-38798811:-@exon:chr17:38793744-38793824:-,bimodal,EIF4H,(+) Positive
188457,SMARCE1,MN,ENSG00000107186,0.519388301246,exon:chr17:38801828-38801871:-@exon:chr17:38798707-38798811:-@exon:chr17:38793744-38793824:-,bimodal,MPDZ,(+) Positive
188512,SMARCE1,MN,ENSG00000107929,0.540227995003,exon:chr17:38801828-38801871:-@exon:chr17:38798707-38798811:-@exon:chr17:38793744-38793824:-,bimodal,LARP4B,(+) Positive
188642,SMARCE1,MN,ENSG00000109189,0.518560861655,exon:chr17:38801828-38801871:-@exon:chr17:38798707-38798811:-@exon:chr17:38793744-38793824:-,bimodal,USP46,(+) Positive
188657,SMARCE1,MN,ENSG00000109475,0.500143914553,exon:chr17:38801828-38801871:-@exon:chr17:38798707-38798811:-@exon:chr17:38793744-38793824:-,bimodal,RPL34,(+) Positive
188725,SMARCE1,MN,ENSG00000110330,0.564448084426,exon:chr17:38801828-38801871:-@exon:chr17:38798707-38798811:-@exon:chr17:38793744-38793824:-,bimodal,BIRC2,(+) Positive
188736,SMARCE1,MN,ENSG00000110492,0.539003652486,exon:chr17:38801828-38801871:-@exon:chr17:38798707-38798811:-@exon:chr17:38793744-38793824:-,bimodal,MDK,(+) Positive
188760,SMARCE1,MN,ENSG00000110880,0.662249304866,exon:chr17:38801828-38801871:-@exon:chr17:38798707-38798811:-@exon:chr17:38793744-38793824:-,bimodal,CORO1C,(+) Positive
188798,SMARCE1,MN,ENSG00000111328,0.536163828334,exon:chr17:38801828-38801871:-@exon:chr17:38798707-38798811:-@exon:chr17:38793744-38793824:-,bimodal,CDK2AP1,(+) Positive
188845,SMARCE1,MN,ENSG00000111752,0.548724215597,exon:chr17:38801828-38801871:-@exon:chr17:38798707-38798811:-@exon:chr17:38793744-38793824:-,bimodal,PHC1,(+) Positive
188850,SMARCE1,MN,ENSG00000111786,0.574989907797,exon:chr17:38801828-38801871:-@exon:chr17:38798707-38798811:-@exon:chr17:38793744-38793824:-,bimodal,SRSF9,(+) Positive
188853,SMARCE1,MN,ENSG00000111816,-0.500384341456,exon:chr17:38801828-38801871:-@exon:chr17:38798707-38798811:-@exon:chr17:38793744-38793824:-,bimodal,FRK,(-) Negative
188931,SMARCE1,MN,ENSG00000112531,0.568114128878,exon:chr17:38801828-38801871:-@exon:chr17:38798707-38798811:-@exon:chr17:38793744-38793824:-,bimodal,QKI,(+) Positive
188973,SMARCE1,MN,ENSG00000113068,0.511373981501,exon:chr17:38801828-38801871:-@exon:chr17:38798707-38798811:-@exon:chr17:38793744-38793824:-,bimodal,PFDN1,(+) Positive
188975,SMARCE1,MN,ENSG00000113140,0.53550841693,exon:chr17:38801828-38801871:-@exon:chr17:38798707-38798811:-@exon:chr17:38793744-38793824:-,bimodal,SPARC,(+) Positive
189021,SMARCE1,MN,ENSG00000113648,0.632327254282,exon:chr17:38801828-38801871:-@exon:chr17:38798707-38798811:-@exon:chr17:38793744-38793824:-,bimodal,H2AFY,(+) Positive
189059,SMARCE1,MN,ENSG00000114209,0.536035223971,exon:chr17:38801828-38801871:-@exon:chr17:38798707-38798811:-@exon:chr17:38793744-38793824:-,bimodal,PDCD10,(+) Positive
189063,SMARCE1,MN,ENSG00000114302,0.627107139505,exon:chr17:38801828-38801871:-@exon:chr17:38798707-38798811:-@exon:chr17:38793744-38793824:-,bimodal,PRKAR2A,(+) Positive
189127,SMARCE1,MN,ENSG00000115091,0.570177979319,exon:chr17:38801828-38801871:-@exon:chr17:38798707-38798811:-@exon:chr17:38793744-38793824:-,bimodal,ACTR3,(+) Positive
189162,SMARCE1,MN,ENSG00000115368,0.580407419832,exon:chr17:38801828-38801871:-@exon:chr17:38798707-38798811:-@exon:chr17:38793744-38793824:-,bimodal,WDR75,(+) Positive
189163,SMARCE1,MN,ENSG00000115392,0.518238141901,exon:chr17:38801828-38801871:-@exon:chr17:38798707-38798811:-@exon:chr17:38793744-38793824:-,bimodal,FANCL,(+) Positive
189164,SMARCE1,MN,ENSG00000115414,0.58020789196,exon:chr17:38801828-38801871:-@exon:chr17:38798707-38798811:-@exon:chr17:38793744-38793824:-,bimodal,FN1,(+) Positive
189231,SMARCE1,MN,ENSG00000116095,0.517713499331,exon:chr17:38801828-38801871:-@exon:chr17:38798707-38798811:-@exon:chr17:38793744-38793824:-,bimodal,PLEKHA3,(+) Positive
189234,SMARCE1,MN,ENSG00000116120,0.580266560466,exon:chr17:38801828-38801871:-@exon:chr17:38798707-38798811:-@exon:chr17:38793744-38793824:-,bimodal,FARSB,(+) Positive
189314,SMARCE1,MN,ENSG00000116906,0.65904692072,exon:chr17:38801828-38801871:-@exon:chr17:38798707-38798811:-@exon:chr17:38793744-38793824:-,bimodal,GNPAT,(+) Positive
189356,SMARCE1,MN,ENSG00000117395,0.528430824177,exon:chr17:38801828-38801871:-@exon:chr17:38798707-38798811:-@exon:chr17:38793744-38793824:-,bimodal,EBNA1BP2,(+) Positive
189371,SMARCE1,MN,ENSG00000117519,0.570742289493,exon:chr17:38801828-38801871:-@exon:chr17:38798707-38798811:-@exon:chr17:38793744-38793824:-,bimodal,CNN3,(+) Positive
189378,SMARCE1,MN,ENSG00000117592,0.612809259434,exon:chr17:38801828-38801871:-@exon:chr17:38798707-38798811:-@exon:chr17:38793744-38793824:-,bimodal,PRDX6,(+) Positive
189383,SMARCE1,MN,ENSG00000117616,0.506959392394,exon:chr17:38801828-38801871:-@exon:chr17:38798707-38798811:-@exon:chr17:38793744-38793824:-,bimodal,C1orf63,(+) Positive
189402,SMARCE1,MN,ENSG00000117899,0.848731272587,exon:chr17:38801828-38801871:-@exon:chr17:38798707-38798811:-@exon:chr17:38793744-38793824:-,bimodal,MESDC2,(+) Positive
189413,SMARCE1,MN,ENSG00000118181,0.658219426571,exon:chr17:38801828-38801871:-@exon:chr17:38798707-38798811:-@exon:chr17:38793744-38793824:-,bimodal,RPS25,(+) Positive
189445,SMARCE1,MN,ENSG00000118564,0.513532467557,exon:chr17:38801828-38801871:-@exon:chr17:38798707-38798811:-@exon:chr17:38793744-38793824:-,bimodal,FBXL5,(+) Positive
189464,SMARCE1,MN,ENSG00000118939,0.584995439437,exon:chr17:38801828-38801871:-@exon:chr17:38798707-38798811:-@exon:chr17:38793744-38793824:-,bimodal,UCHL3,(+) Positive
189489,SMARCE1,MN,ENSG00000119335,0.543602146704,exon:chr17:38801828-38801871:-@exon:chr17:38798707-38798811:-@exon:chr17:38793744-38793824:-,bimodal,SET,(+) Positive
189520,SMARCE1,MN,ENSG00000119669,0.500275260899,exon:chr17:38801828-38801871:-@exon:chr17:38798707-38798811:-@exon:chr17:38793744-38793824:-,bimodal,IRF2BPL,(+) Positive
189685,SMARCE1,MN,ENSG00000121766,0.567922566721,exon:chr17:38801828-38801871:-@exon:chr17:38798707-38798811:-@exon:chr17:38793744-38793824:-,bimodal,ZCCHC17,(+) Positive
189707,SMARCE1,MN,ENSG00000122026,0.542183590874,exon:chr17:38801828-38801871:-@exon:chr17:38798707-38798811:-@exon:chr17:38793744-38793824:-,bimodal,RPL21,(+) Positive
189760,SMARCE1,MN,ENSG00000122786,0.562516249964,exon:chr17:38801828-38801871:-@exon:chr17:38798707-38798811:-@exon:chr17:38793744-38793824:-,bimodal,CALD1,(+) Positive
189811,SMARCE1,MN,ENSG00000123444,0.501433288858,exon:chr17:38801828-38801871:-@exon:chr17:38798707-38798811:-@exon:chr17:38793744-38793824:-,bimodal,KBTBD4,(+) Positive
189909,SMARCE1,MN,ENSG00000124614,0.607055961604,exon:chr17:38801828-38801871:-@exon:chr17:38798707-38798811:-@exon:chr17:38793744-38793824:-,bimodal,RPS10,(+) Positive
189926,SMARCE1,MN,ENSG00000124795,0.645951860819,exon:chr17:38801828-38801871:-@exon:chr17:38798707-38798811:-@exon:chr17:38793744-38793824:-,bimodal,DEK,(+) Positive
189952,SMARCE1,MN,ENSG00000125398,0.501983750027,exon:chr17:38801828-38801871:-@exon:chr17:38798707-38798811:-@exon:chr17:38793744-38793824:-,bimodal,SOX9,(+) Positive
189955,SMARCE1,MN,ENSG00000125445,0.523624371384,exon:chr17:38801828-38801871:-@exon:chr17:38798707-38798811:-@exon:chr17:38793744-38793824:-,bimodal,MRPS7,(+) Positive
189981,SMARCE1,MN,ENSG00000125691,0.614589709525,exon:chr17:38801828-38801871:-@exon:chr17:38798707-38798811:-@exon:chr17:38793744-38793824:-,bimodal,RPL23,(+) Positive
190009,SMARCE1,MN,ENSG00000125870,0.664694047704,exon:chr17:38801828-38801871:-@exon:chr17:38798707-38798811:-@exon:chr17:38793744-38793824:-,bimodal,SNRPB2,(+) Positive
190069,SMARCE1,MN,ENSG00000126756,0.674878277253,exon:chr17:38801828-38801871:-@exon:chr17:38798707-38798811:-@exon:chr17:38793744-38793824:-,bimodal,UXT,(+) Positive
190148,SMARCE1,MN,ENSG00000128050,0.502612597857,exon:chr17:38801828-38801871:-@exon:chr17:38798707-38798811:-@exon:chr17:38793744-38793824:-,bimodal,PAICS,(+) Positive
190150,SMARCE1,MN,ENSG00000128059,0.52031481975,exon:chr17:38801828-38801871:-@exon:chr17:38798707-38798811:-@exon:chr17:38793744-38793824:-,bimodal,PPAT,(+) Positive
190245,SMARCE1,MN,ENSG00000129351,0.514154347024,exon:chr17:38801828-38801871:-@exon:chr17:38798707-38798811:-@exon:chr17:38793744-38793824:-,bimodal,ILF3,(+) Positive
190261,SMARCE1,MN,ENSG00000129559,0.630860675859,exon:chr17:38801828-38801871:-@exon:chr17:38798707-38798811:-@exon:chr17:38793744-38793824:-,bimodal,NEDD8,(+) Positive
190307,SMARCE1,MN,ENSG00000130255,0.566270049245,exon:chr17:38801828-38801871:-@exon:chr17:38798707-38798811:-@exon:chr17:38793744-38793824:-,bimodal,RPL36,(+) Positive
190522,SMARCE1,MN,ENSG00000132313,0.598774541813,exon:chr17:38801828-38801871:-@exon:chr17:38798707-38798811:-@exon:chr17:38793744-38793824:-,bimodal,MRPL35,(+) Positive
190537,SMARCE1,MN,ENSG00000132405,0.507650780577,exon:chr17:38801828-38801871:-@exon:chr17:38798707-38798811:-@exon:chr17:38793744-38793824:-,bimodal,TBC1D14,(+) Positive
190565,SMARCE1,MN,ENSG00000132604,-0.594011898826,exon:chr17:38801828-38801871:-@exon:chr17:38798707-38798811:-@exon:chr17:38793744-38793824:-,bimodal,TERF2,(-) Negative
190599,SMARCE1,MN,ENSG00000132872,-0.553892618332,exon:chr17:38801828-38801871:-@exon:chr17:38798707-38798811:-@exon:chr17:38793744-38793824:-,bimodal,SYT4,(-) Negative
190625,SMARCE1,MN,ENSG00000133119,0.507495496839,exon:chr17:38801828-38801871:-@exon:chr17:38798707-38798811:-@exon:chr17:38793744-38793824:-,bimodal,RFC3,(+) Positive
190732,SMARCE1,MN,ENSG00000134313,-0.526568398608,exon:chr17:38801828-38801871:-@exon:chr17:38798707-38798811:-@exon:chr17:38793744-38793824:-,bimodal,KIDINS220,(-) Negative
190784,SMARCE1,MN,ENSG00000134809,0.504103316174,exon:chr17:38801828-38801871:-@exon:chr17:38798707-38798811:-@exon:chr17:38793744-38793824:-,bimodal,TIMM10,(+) Positive
190787,SMARCE1,MN,ENSG00000134825,0.545285772822,exon:chr17:38801828-38801871:-@exon:chr17:38798707-38798811:-@exon:chr17:38793744-38793824:-,bimodal,TMEM258,(+) Positive
190823,SMARCE1,MN,ENSG00000135074,0.567114574939,exon:chr17:38801828-38801871:-@exon:chr17:38798707-38798811:-@exon:chr17:38793744-38793824:-,bimodal,ADAM19,(+) Positive
190845,SMARCE1,MN,ENSG00000135269,0.555055326819,exon:chr17:38801828-38801871:-@exon:chr17:38798707-38798811:-@exon:chr17:38793744-38793824:-,bimodal,TES,(+) Positive
190877,SMARCE1,MN,ENSG00000135486,0.636585892707,exon:chr17:38801828-38801871:-@exon:chr17:38798707-38798811:-@exon:chr17:38793744-38793824:-,bimodal,HNRNPA1,(+) Positive
190898,SMARCE1,MN,ENSG00000135698,0.501570642496,exon:chr17:38801828-38801871:-@exon:chr17:38798707-38798811:-@exon:chr17:38793744-38793824:-,bimodal,MPHOSPH6,(+) Positive
190901,SMARCE1,MN,ENSG00000135720,0.509819586527,exon:chr17:38801828-38801871:-@exon:chr17:38798707-38798811:-@exon:chr17:38793744-38793824:-,bimodal,DYNC1LI2,(+) Positive
190931,SMARCE1,MN,ENSG00000135930,0.527773994665,exon:chr17:38801828-38801871:-@exon:chr17:38798707-38798811:-@exon:chr17:38793744-38793824:-,bimodal,EIF4E2,(+) Positive
191027,SMARCE1,MN,ENSG00000136709,0.53982221269,exon:chr17:38801828-38801871:-@exon:chr17:38798707-38798811:-@exon:chr17:38793744-38793824:-,bimodal,WDR33,(+) Positive
191034,SMARCE1,MN,ENSG00000136738,0.593211270658,exon:chr17:38801828-38801871:-@exon:chr17:38798707-38798811:-@exon:chr17:38793744-38793824:-,bimodal,STAM,(+) Positive
191075,SMARCE1,MN,ENSG00000136942,0.59015339295,exon:chr17:38801828-38801871:-@exon:chr17:38798707-38798811:-@exon:chr17:38793744-38793824:-,bimodal,RPL35,(+) Positive
191106,SMARCE1,MN,ENSG00000137207,0.569276990023,exon:chr17:38801828-38801871:-@exon:chr17:38798707-38798811:-@exon:chr17:38793744-38793824:-,bimodal,YIPF3,(+) Positive
191148,SMARCE1,MN,ENSG00000137563,0.591093947698,exon:chr17:38801828-38801871:-@exon:chr17:38798707-38798811:-@exon:chr17:38793744-38793824:-,bimodal,GGH,(+) Positive
191181,SMARCE1,MN,ENSG00000137845,0.504837307817,exon:chr17:38801828-38801871:-@exon:chr17:38798707-38798811:-@exon:chr17:38793744-38793824:-,bimodal,ADAM10,(+) Positive
191230,SMARCE1,MN,ENSG00000138246,0.523818270611,exon:chr17:38801828-38801871:-@exon:chr17:38798707-38798811:-@exon:chr17:38793744-38793824:-,bimodal,DNAJC13,(+) Positive
191236,SMARCE1,MN,ENSG00000138326,0.523795786249,exon:chr17:38801828-38801871:-@exon:chr17:38798707-38798811:-@exon:chr17:38793744-38793824:-,bimodal,RPS24,(+) Positive
191242,SMARCE1,MN,ENSG00000138376,0.63546917745,exon:chr17:38801828-38801871:-@exon:chr17:38798707-38798811:-@exon:chr17:38793744-38793824:-,bimodal,BARD1,(+) Positive
191293,SMARCE1,MN,ENSG00000138758,0.610952133002,exon:chr17:38801828-38801871:-@exon:chr17:38798707-38798811:-@exon:chr17:38793744-38793824:-,bimodal,SEPT11,(+) Positive
191317,SMARCE1,MN,ENSG00000138944,-0.53217412326,exon:chr17:38801828-38801871:-@exon:chr17:38798707-38798811:-@exon:chr17:38793744-38793824:-,bimodal,KIAA1644,(-) Negative
191347,SMARCE1,MN,ENSG00000139324,0.545885962359,exon:chr17:38801828-38801871:-@exon:chr17:38798707-38798811:-@exon:chr17:38793744-38793824:-,bimodal,TMTC3,(+) Positive
191376,SMARCE1,MN,ENSG00000139644,0.571975893947,exon:chr17:38801828-38801871:-@exon:chr17:38798707-38798811:-@exon:chr17:38793744-38793824:-,bimodal,TMBIM6,(+) Positive
191423,SMARCE1,MN,ENSG00000140264,0.603330244929,exon:chr17:38801828-38801871:-@exon:chr17:38798707-38798811:-@exon:chr17:38793744-38793824:-,bimodal,SERF2,(+) Positive
191509,SMARCE1,MN,ENSG00000141101,0.518939954267,exon:chr17:38801828-38801871:-@exon:chr17:38798707-38798811:-@exon:chr17:38793744-38793824:-,bimodal,NOB1,(+) Positive
191602,SMARCE1,MN,ENSG00000142168,0.533302087178,exon:chr17:38801828-38801871:-@exon:chr17:38798707-38798811:-@exon:chr17:38793744-38793824:-,bimodal,SOD1,(+) Positive
191614,SMARCE1,MN,ENSG00000142396,0.545759569156,exon:chr17:38801828-38801871:-@exon:chr17:38798707-38798811:-@exon:chr17:38793744-38793824:-,bimodal,ERVK3-1,(+) Positive
191714,SMARCE1,MN,ENSG00000143437,0.586726532836,exon:chr17:38801828-38801871:-@exon:chr17:38798707-38798811:-@exon:chr17:38793744-38793824:-,bimodal,ARNT,(+) Positive
191824,SMARCE1,MN,ENSG00000144369,-0.513614344807,exon:chr17:38801828-38801871:-@exon:chr17:38798707-38798811:-@exon:chr17:38793744-38793824:-,bimodal,FAM171B,(-) Negative
191849,SMARCE1,MN,ENSG00000144644,-0.513765745094,exon:chr17:38801828-38801871:-@exon:chr17:38798707-38798811:-@exon:chr17:38793744-38793824:-,bimodal,GADL1,(-) Negative
191924,SMARCE1,MN,ENSG00000145431,0.511037539575,exon:chr17:38801828-38801871:-@exon:chr17:38798707-38798811:-@exon:chr17:38793744-38793824:-,bimodal,PDGFC,(+) Positive
191965,SMARCE1,MN,ENSG00000145919,0.518196950607,exon:chr17:38801828-38801871:-@exon:chr17:38798707-38798811:-@exon:chr17:38793744-38793824:-,bimodal,BOD1,(+) Positive
192186,SMARCE1,MN,ENSG00000148688,0.585605153437,exon:chr17:38801828-38801871:-@exon:chr17:38798707-38798811:-@exon:chr17:38793744-38793824:-,bimodal,RPP30,(+) Positive
192316,SMARCE1,MN,ENSG00000150779,0.515527269093,exon:chr17:38801828-38801871:-@exon:chr17:38798707-38798811:-@exon:chr17:38793744-38793824:-,bimodal,TIMM8B,(+) Positive
192354,SMARCE1,MN,ENSG00000151353,0.543224410713,exon:chr17:38801828-38801871:-@exon:chr17:38798707-38798811:-@exon:chr17:38793744-38793824:-,bimodal,TMEM18,(+) Positive
192475,SMARCE1,MN,ENSG00000152601,0.617330617375,exon:chr17:38801828-38801871:-@exon:chr17:38798707-38798811:-@exon:chr17:38793744-38793824:-,bimodal,MBNL1,(+) Positive
192489,SMARCE1,MN,ENSG00000152795,0.585869169051,exon:chr17:38801828-38801871:-@exon:chr17:38798707-38798811:-@exon:chr17:38793744-38793824:-,bimodal,HNRNPDL,(+) Positive
192662,SMARCE1,MN,ENSG00000155366,0.586233815839,exon:chr17:38801828-38801871:-@exon:chr17:38798707-38798811:-@exon:chr17:38793744-38793824:-,bimodal,RHOC,(+) Positive
192679,SMARCE1,MN,ENSG00000155660,0.526105487461,exon:chr17:38801828-38801871:-@exon:chr17:38798707-38798811:-@exon:chr17:38793744-38793824:-,bimodal,PDIA4,(+) Positive
192691,SMARCE1,MN,ENSG00000155876,0.546224649938,exon:chr17:38801828-38801871:-@exon:chr17:38798707-38798811:-@exon:chr17:38793744-38793824:-,bimodal,RRAGA,(+) Positive
192696,SMARCE1,MN,ENSG00000155957,0.548997316848,exon:chr17:38801828-38801871:-@exon:chr17:38798707-38798811:-@exon:chr17:38793744-38793824:-,bimodal,TMBIM4,(+) Positive
192746,SMARCE1,MN,ENSG00000156531,0.569008681805,exon:chr17:38801828-38801871:-@exon:chr17:38798707-38798811:-@exon:chr17:38793744-38793824:-,bimodal,PHF6,(+) Positive
192926,SMARCE1,MN,ENSG00000159147,0.541805299657,exon:chr17:38801828-38801871:-@exon:chr17:38798707-38798811:-@exon:chr17:38793744-38793824:-,bimodal,DONSON,(+) Positive
192987,SMARCE1,MN,ENSG00000160075,0.584598440353,exon:chr17:38801828-38801871:-@exon:chr17:38798707-38798811:-@exon:chr17:38793744-38793824:-,bimodal,SSU72,(+) Positive
193056,SMARCE1,MN,ENSG00000160752,0.503138093817,exon:chr17:38801828-38801871:-@exon:chr17:38798707-38798811:-@exon:chr17:38793744-38793824:-,bimodal,FDPS,(+) Positive
193138,SMARCE1,MN,ENSG00000162063,0.536371733781,exon:chr17:38801828-38801871:-@exon:chr17:38798707-38798811:-@exon:chr17:38793744-38793824:-,bimodal,CCNF,(+) Positive
193203,SMARCE1,MN,ENSG00000162623,0.509854455146,exon:chr17:38801828-38801871:-@exon:chr17:38798707-38798811:-@exon:chr17:38793744-38793824:-,bimodal,TYW3,(+) Positive
193231,SMARCE1,MN,ENSG00000162825,0.525933992035,exon:chr17:38801828-38801871:-@exon:chr17:38798707-38798811:-@exon:chr17:38793744-38793824:-,bimodal,NBPF8,(+) Positive
193254,SMARCE1,MN,ENSG00000162981,-0.563961080374,exon:chr17:38801828-38801871:-@exon:chr17:38798707-38798811:-@exon:chr17:38793744-38793824:-,bimodal,FAM84A,(-) Negative
193311,SMARCE1,MN,ENSG00000163386,0.538651831184,exon:chr17:38801828-38801871:-@exon:chr17:38798707-38798811:-@exon:chr17:38793744-38793824:-,bimodal,NBPF10,(+) Positive
193317,SMARCE1,MN,ENSG00000163430,0.605979454123,exon:chr17:38801828-38801871:-@exon:chr17:38798707-38798811:-@exon:chr17:38793744-38793824:-,bimodal,FSTL1,(+) Positive
193352,SMARCE1,MN,ENSG00000163597,0.532676420953,exon:chr17:38801828-38801871:-@exon:chr17:38798707-38798811:-@exon:chr17:38793744-38793824:-,bimodal,SNHG16,(+) Positive
193419,SMARCE1,MN,ENSG00000163902,0.511492322463,exon:chr17:38801828-38801871:-@exon:chr17:38798707-38798811:-@exon:chr17:38793744-38793824:-,bimodal,RPN1,(+) Positive
193422,SMARCE1,MN,ENSG00000163918,0.5261462995,exon:chr17:38801828-38801871:-@exon:chr17:38798707-38798811:-@exon:chr17:38793744-38793824:-,bimodal,RFC4,(+) Positive
193445,SMARCE1,MN,ENSG00000164032,0.501911896607,exon:chr17:38801828-38801871:-@exon:chr17:38798707-38798811:-@exon:chr17:38793744-38793824:-,bimodal,H2AFZ,(+) Positive
193469,SMARCE1,MN,ENSG00000164096,0.508015640222,exon:chr17:38801828-38801871:-@exon:chr17:38798707-38798811:-@exon:chr17:38793744-38793824:-,bimodal,C4orf3,(+) Positive
193470,SMARCE1,MN,ENSG00000164104,0.501930249652,exon:chr17:38801828-38801871:-@exon:chr17:38798707-38798811:-@exon:chr17:38793744-38793824:-,bimodal,HMGB2,(+) Positive
193474,SMARCE1,MN,ENSG00000164111,0.561858343214,exon:chr17:38801828-38801871:-@exon:chr17:38798707-38798811:-@exon:chr17:38793744-38793824:-,bimodal,ANXA5,(+) Positive
193508,SMARCE1,MN,ENSG00000164258,0.58350704717,exon:chr17:38801828-38801871:-@exon:chr17:38798707-38798811:-@exon:chr17:38793744-38793824:-,bimodal,NDUFS4,(+) Positive
193543,SMARCE1,MN,ENSG00000164520,-0.614809851154,exon:chr17:38801828-38801871:-@exon:chr17:38798707-38798811:-@exon:chr17:38793744-38793824:-,bimodal,RAET1E,(-) Negative
193610,SMARCE1,MN,ENSG00000164985,0.538177841687,exon:chr17:38801828-38801871:-@exon:chr17:38798707-38798811:-@exon:chr17:38793744-38793824:-,bimodal,PSIP1,(+) Positive
193817,SMARCE1,MN,ENSG00000166441,0.589441304423,exon:chr17:38801828-38801871:-@exon:chr17:38798707-38798811:-@exon:chr17:38793744-38793824:-,bimodal,RPL27A,(+) Positive
193890,SMARCE1,MN,ENSG00000166922,-0.565450782213,exon:chr17:38801828-38801871:-@exon:chr17:38798707-38798811:-@exon:chr17:38793744-38793824:-,bimodal,SCG5,(-) Negative
193968,SMARCE1,MN,ENSG00000167526,0.531482099677,exon:chr17:38801828-38801871:-@exon:chr17:38798707-38798811:-@exon:chr17:38793744-38793824:-,bimodal,RPL13,(+) Positive
193993,SMARCE1,MN,ENSG00000167658,0.524219815719,exon:chr17:38801828-38801871:-@exon:chr17:38798707-38798811:-@exon:chr17:38793744-38793824:-,bimodal,EEF2,(+) Positive
194013,SMARCE1,MN,ENSG00000167770,0.722969260923,exon:chr17:38801828-38801871:-@exon:chr17:38798707-38798811:-@exon:chr17:38793744-38793824:-,bimodal,OTUB1,(+) Positive
194070,SMARCE1,MN,ENSG00000168175,0.574781451675,exon:chr17:38801828-38801871:-@exon:chr17:38798707-38798811:-@exon:chr17:38793744-38793824:-,bimodal,MAPK1IP1L,(+) Positive
194139,SMARCE1,MN,ENSG00000168701,0.562652309604,exon:chr17:38801828-38801871:-@exon:chr17:38798707-38798811:-@exon:chr17:38793744-38793824:-,bimodal,TMEM208,(+) Positive
194190,SMARCE1,MN,ENSG00000169100,0.638576740425,exon:chr17:38801828-38801871:-@exon:chr17:38798707-38798811:-@exon:chr17:38793744-38793824:-,bimodal,SLC25A6,(+) Positive
194209,SMARCE1,MN,ENSG00000169218,-0.55437810303,exon:chr17:38801828-38801871:-@exon:chr17:38798707-38798811:-@exon:chr17:38793744-38793824:-,bimodal,RSPO1,(-) Negative
194255,SMARCE1,MN,ENSG00000169627,0.604829512965,exon:chr17:38801828-38801871:-@exon:chr17:38798707-38798811:-@exon:chr17:38793744-38793824:-,bimodal,BOLA2B,(+) Positive
194274,SMARCE1,MN,ENSG00000169756,0.532814547843,exon:chr17:38801828-38801871:-@exon:chr17:38798707-38798811:-@exon:chr17:38793744-38793824:-,bimodal,LIMS1,(+) Positive
194279,SMARCE1,MN,ENSG00000169813,0.601094269662,exon:chr17:38801828-38801871:-@exon:chr17:38798707-38798811:-@exon:chr17:38793744-38793824:-,bimodal,HNRNPF,(+) Positive
194304,SMARCE1,MN,ENSG00000170006,-0.510232068722,exon:chr17:38801828-38801871:-@exon:chr17:38798707-38798811:-@exon:chr17:38793744-38793824:-,bimodal,TMEM154,(-) Negative
194309,SMARCE1,MN,ENSG00000170043,0.505942673458,exon:chr17:38801828-38801871:-@exon:chr17:38798707-38798811:-@exon:chr17:38793744-38793824:-,bimodal,TRAPPC1,(+) Positive
194408,SMARCE1,MN,ENSG00000170889,0.654106123066,exon:chr17:38801828-38801871:-@exon:chr17:38798707-38798811:-@exon:chr17:38793744-38793824:-,bimodal,RPS9,(+) Positive
194448,SMARCE1,MN,ENSG00000171202,0.651070840802,exon:chr17:38801828-38801871:-@exon:chr17:38798707-38798811:-@exon:chr17:38793744-38793824:-,bimodal,TMEM126A,(+) Positive
194523,SMARCE1,MN,ENSG00000171863,0.633285512343,exon:chr17:38801828-38801871:-@exon:chr17:38798707-38798811:-@exon:chr17:38793744-38793824:-,bimodal,RPS7,(+) Positive
194524,SMARCE1,MN,ENSG00000171864,-0.660576204771,exon:chr17:38801828-38801871:-@exon:chr17:38798707-38798811:-@exon:chr17:38793744-38793824:-,bimodal,PRND,(-) Negative
194531,SMARCE1,MN,ENSG00000171951,-0.556079663533,exon:chr17:38801828-38801871:-@exon:chr17:38798707-38798811:-@exon:chr17:38793744-38793824:-,bimodal,SCG2,(-) Negative
194625,SMARCE1,MN,ENSG00000172809,0.604553895377,exon:chr17:38801828-38801871:-@exon:chr17:38798707-38798811:-@exon:chr17:38793744-38793824:-,bimodal,RPL38,(+) Positive
194668,SMARCE1,MN,ENSG00000173226,0.598472072127,exon:chr17:38801828-38801871:-@exon:chr17:38798707-38798811:-@exon:chr17:38793744-38793824:-,bimodal,IQCB1,(+) Positive
194685,SMARCE1,MN,ENSG00000173418,0.519198296939,exon:chr17:38801828-38801871:-@exon:chr17:38798707-38798811:-@exon:chr17:38793744-38793824:-,bimodal,NAA20,(+) Positive
194737,SMARCE1,MN,ENSG00000173915,0.544628023039,exon:chr17:38801828-38801871:-@exon:chr17:38798707-38798811:-@exon:chr17:38793744-38793824:-,bimodal,USMG5,(+) Positive
194747,SMARCE1,MN,ENSG00000174021,0.501862835301,exon:chr17:38801828-38801871:-@exon:chr17:38798707-38798811:-@exon:chr17:38793744-38793824:-,bimodal,GNG5,(+) Positive
194762,SMARCE1,MN,ENSG00000174231,0.550235777309,exon:chr17:38801828-38801871:-@exon:chr17:38798707-38798811:-@exon:chr17:38793744-38793824:-,bimodal,PRPF8,(+) Positive
194827,SMARCE1,MN,ENSG00000175048,-0.542707737133,exon:chr17:38801828-38801871:-@exon:chr17:38798707-38798811:-@exon:chr17:38793744-38793824:-,bimodal,ZDHHC14,(-) Negative
194841,SMARCE1,MN,ENSG00000175166,0.548012731142,exon:chr17:38801828-38801871:-@exon:chr17:38798707-38798811:-@exon:chr17:38793744-38793824:-,bimodal,PSMD2,(+) Positive
194916,SMARCE1,MN,ENSG00000176014,0.516884924158,exon:chr17:38801828-38801871:-@exon:chr17:38798707-38798811:-@exon:chr17:38793744-38793824:-,bimodal,TUBB6,(+) Positive
194969,SMARCE1,MN,ENSG00000176623,0.546509406722,exon:chr17:38801828-38801871:-@exon:chr17:38798707-38798811:-@exon:chr17:38793744-38793824:-,bimodal,RMDN1,(+) Positive
195082,SMARCE1,MN,ENSG00000177885,-0.503177872139,exon:chr17:38801828-38801871:-@exon:chr17:38798707-38798811:-@exon:chr17:38793744-38793824:-,bimodal,GRB2,(-) Negative
195089,SMARCE1,MN,ENSG00000177954,0.638002236991,exon:chr17:38801828-38801871:-@exon:chr17:38798707-38798811:-@exon:chr17:38793744-38793824:-,bimodal,RPS27,(+) Positive
195247,SMARCE1,MN,ENSG00000179958,0.514445978555,exon:chr17:38801828-38801871:-@exon:chr17:38798707-38798811:-@exon:chr17:38793744-38793824:-,bimodal,DCTPP1,(+) Positive
195308,SMARCE1,MN,ENSG00000180964,0.540972143958,exon:chr17:38801828-38801871:-@exon:chr17:38798707-38798811:-@exon:chr17:38793744-38793824:-,bimodal,TCEAL8,(+) Positive
195315,SMARCE1,MN,ENSG00000181027,0.507411747489,exon:chr17:38801828-38801871:-@exon:chr17:38798707-38798811:-@exon:chr17:38793744-38793824:-,bimodal,FKRP,(+) Positive
195322,SMARCE1,MN,ENSG00000181104,0.510040350136,exon:chr17:38801828-38801871:-@exon:chr17:38798707-38798811:-@exon:chr17:38793744-38793824:-,bimodal,F2R,(+) Positive
195450,SMARCE1,MN,ENSG00000182774,0.670961037073,exon:chr17:38801828-38801871:-@exon:chr17:38798707-38798811:-@exon:chr17:38793744-38793824:-,bimodal,RPS17L,(+) Positive
195527,SMARCE1,MN,ENSG00000183530,0.519991082844,exon:chr17:38801828-38801871:-@exon:chr17:38798707-38798811:-@exon:chr17:38793744-38793824:-,bimodal,PRR14L,(+) Positive
195541,SMARCE1,MN,ENSG00000183684,0.560122774296,exon:chr17:38801828-38801871:-@exon:chr17:38798707-38798811:-@exon:chr17:38793744-38793824:-,bimodal,ALYREF,(+) Positive
195581,SMARCE1,MN,ENSG00000184007,0.532753717092,exon:chr17:38801828-38801871:-@exon:chr17:38798707-38798811:-@exon:chr17:38793744-38793824:-,bimodal,PTP4A2,(+) Positive
195733,SMARCE1,MN,ENSG00000185475,0.505927372981,exon:chr17:38801828-38801871:-@exon:chr17:38798707-38798811:-@exon:chr17:38793744-38793824:-,bimodal,TMEM179B,(+) Positive
195778,SMARCE1,MN,ENSG00000185864,0.752017408173,exon:chr17:38801828-38801871:-@exon:chr17:38798707-38798811:-@exon:chr17:38793744-38793824:-,bimodal,NPIPB4,(+) Positive
195849,SMARCE1,MN,ENSG00000186472,-0.507553555507,exon:chr17:38801828-38801871:-@exon:chr17:38798707-38798811:-@exon:chr17:38793744-38793824:-,bimodal,PCLO,(-) Negative
196052,SMARCE1,MN,ENSG00000188739,0.541969781401,exon:chr17:38801828-38801871:-@exon:chr17:38798707-38798811:-@exon:chr17:38793744-38793824:-,bimodal,RBM34,(+) Positive
196346,SMARCE1,MN,ENSG00000197471,-0.589770498696,exon:chr17:38801828-38801871:-@exon:chr17:38798707-38798811:-@exon:chr17:38793744-38793824:-,bimodal,SPN,(-) Negative
196384,SMARCE1,MN,ENSG00000197756,0.520530240957,exon:chr17:38801828-38801871:-@exon:chr17:38798707-38798811:-@exon:chr17:38793744-38793824:-,bimodal,RPL37A,(+) Positive
196419,SMARCE1,MN,ENSG00000197956,0.632112241414,exon:chr17:38801828-38801871:-@exon:chr17:38798707-38798811:-@exon:chr17:38793744-38793824:-,bimodal,S100A6,(+) Positive
196420,SMARCE1,MN,ENSG00000197958,0.50094948143,exon:chr17:38801828-38801871:-@exon:chr17:38798707-38798811:-@exon:chr17:38793744-38793824:-,bimodal,RPL12,(+) Positive
196452,SMARCE1,MN,ENSG00000198130,0.535839297414,exon:chr17:38801828-38801871:-@exon:chr17:38798707-38798811:-@exon:chr17:38793744-38793824:-,bimodal,HIBCH,(+) Positive
196473,SMARCE1,MN,ENSG00000198242,0.579789322966,exon:chr17:38801828-38801871:-@exon:chr17:38798707-38798811:-@exon:chr17:38793744-38793824:-,bimodal,RPL23A,(+) Positive
196499,SMARCE1,MN,ENSG00000198431,0.503095655465,exon:chr17:38801828-38801871:-@exon:chr17:38798707-38798811:-@exon:chr17:38793744-38793824:-,bimodal,TXNRD1,(+) Positive
196510,SMARCE1,MN,ENSG00000198492,0.55618268726,exon:chr17:38801828-38801871:-@exon:chr17:38798707-38798811:-@exon:chr17:38793744-38793824:-,bimodal,YTHDF2,(+) Positive
196599,SMARCE1,MN,ENSG00000198856,0.521255148301,exon:chr17:38801828-38801871:-@exon:chr17:38798707-38798811:-@exon:chr17:38793744-38793824:-,bimodal,OSTC,(+) Positive
197000,SMARCE1,MN,ENSG00000213741,0.587491326253,exon:chr17:38801828-38801871:-@exon:chr17:38798707-38798811:-@exon:chr17:38793744-38793824:-,bimodal,RPS29,(+) Positive
197100,SMARCE1,MN,ENSG00000215021,0.58086021917,exon:chr17:38801828-38801871:-@exon:chr17:38798707-38798811:-@exon:chr17:38793744-38793824:-,bimodal,PHB2,(+) Positive
197145,SMARCE1,MN,ENSG00000217555,0.535552252288,exon:chr17:38801828-38801871:-@exon:chr17:38798707-38798811:-@exon:chr17:38793744-38793824:-,bimodal,CKLF,(+) Positive
197174,SMARCE1,MN,ENSG00000221914,0.544276596984,exon:chr17:38801828-38801871:-@exon:chr17:38798707-38798811:-@exon:chr17:38793744-38793824:-,bimodal,PPP2R2A,(+) Positive
197243,SMARCE1,MN,ENSG00000224186,0.54264783411,exon:chr17:38801828-38801871:-@exon:chr17:38798707-38798811:-@exon:chr17:38793744-38793824:-,bimodal,CTC-349C3.1,(+) Positive
197283,SMARCE1,MN,ENSG00000224905,0.506594868413,exon:chr17:38801828-38801871:-@exon:chr17:38798707-38798811:-@exon:chr17:38793744-38793824:-,bimodal,AP001347.6,(+) Positive
197314,SMARCE1,MN,ENSG00000225564,-0.577910766119,exon:chr17:38801828-38801871:-@exon:chr17:38798707-38798811:-@exon:chr17:38793744-38793824:-,bimodal,RP11-341A22.2,(-) Negative
197512,SMARCE1,MN,ENSG00000228801,-0.583868009388,exon:chr17:38801828-38801871:-@exon:chr17:38798707-38798811:-@exon:chr17:38793744-38793824:-,bimodal,RP11-110G21.1,(-) Negative
197528,SMARCE1,MN,ENSG00000229117,0.687235942053,exon:chr17:38801828-38801871:-@exon:chr17:38798707-38798811:-@exon:chr17:38793744-38793824:-,bimodal,RPL41,(+) Positive
197569,SMARCE1,MN,ENSG00000229833,0.561748398536,exon:chr17:38801828-38801871:-@exon:chr17:38798707-38798811:-@exon:chr17:38793744-38793824:-,bimodal,PET100,(+) Positive
197807,SMARCE1,MN,ENSG00000233927,0.64113748242,exon:chr17:38801828-38801871:-@exon:chr17:38798707-38798811:-@exon:chr17:38793744-38793824:-,bimodal,RPS28,(+) Positive
198012,SMARCE1,MN,ENSG00000237248,-0.674169386362,exon:chr17:38801828-38801871:-@exon:chr17:38798707-38798811:-@exon:chr17:38793744-38793824:-,bimodal,LINC00987,(-) Negative
198134,SMARCE1,MN,ENSG00000241043,-0.527794364355,exon:chr17:38801828-38801871:-@exon:chr17:38798707-38798811:-@exon:chr17:38793744-38793824:-,bimodal,GVQW1,(-) Negative
198147,SMARCE1,MN,ENSG00000241343,0.569007203629,exon:chr17:38801828-38801871:-@exon:chr17:38798707-38798811:-@exon:chr17:38793744-38793824:-,bimodal,RPL36A,(+) Positive
198153,SMARCE1,MN,ENSG00000241468,0.552595501825,exon:chr17:38801828-38801871:-@exon:chr17:38798707-38798811:-@exon:chr17:38793744-38793824:-,bimodal,ATP5J2,(+) Positive
198155,SMARCE1,MN,ENSG00000241481,-0.532716235762,exon:chr17:38801828-38801871:-@exon:chr17:38798707-38798811:-@exon:chr17:38793744-38793824:-,bimodal,AC159540.2,(-) Negative
198182,SMARCE1,MN,ENSG00000242125,0.585463586296,exon:chr17:38801828-38801871:-@exon:chr17:38798707-38798811:-@exon:chr17:38793744-38793824:-,bimodal,SNHG3,(+) Positive
198210,SMARCE1,MN,ENSG00000243004,0.5983712963,exon:chr17:38801828-38801871:-@exon:chr17:38798707-38798811:-@exon:chr17:38793744-38793824:-,bimodal,AC005062.2,(+) Positive
198270,SMARCE1,MN,ENSG00000244687,0.516902062798,exon:chr17:38801828-38801871:-@exon:chr17:38798707-38798811:-@exon:chr17:38793744-38793824:-,bimodal,UBE2V1,(+) Positive
198376,SMARCE1,MN,ENSG00000248015,-0.527482847293,exon:chr17:38801828-38801871:-@exon:chr17:38798707-38798811:-@exon:chr17:38793744-38793824:-,bimodal,AC005329.7,(-) Negative
198510,SMARCE1,MN,ENSG00000250305,-0.549620798818,exon:chr17:38801828-38801871:-@exon:chr17:38798707-38798811:-@exon:chr17:38793744-38793824:-,bimodal,KIAA1456,(-) Negative
198550,SMARCE1,MN,ENSG00000250920,-0.504324608041,exon:chr17:38801828-38801871:-@exon:chr17:38798707-38798811:-@exon:chr17:38793744-38793824:-,bimodal,RP11-297P16.4,(-) Negative
198569,SMARCE1,MN,ENSG00000251259,0.525136607605,exon:chr17:38801828-38801871:-@exon:chr17:38798707-38798811:-@exon:chr17:38793744-38793824:-,bimodal,AC004069.2,(+) Positive
198652,SMARCE1,MN,ENSG00000253629,0.536642580508,exon:chr17:38801828-38801871:-@exon:chr17:38798707-38798811:-@exon:chr17:38793744-38793824:-,bimodal,KB-1107E3.1,(+) Positive
198994,SMARCE1,MN,ENSG00000258038,-0.500550231758,exon:chr17:38801828-38801871:-@exon:chr17:38798707-38798811:-@exon:chr17:38793744-38793824:-,bimodal,CTD-2384A14.1,(-) Negative
199011,SMARCE1,MN,ENSG00000258289,0.535447151633,exon:chr17:38801828-38801871:-@exon:chr17:38798707-38798811:-@exon:chr17:38793744-38793824:-,bimodal,CHURC1,(+) Positive
199036,SMARCE1,MN,ENSG00000258486,0.715037278861,exon:chr17:38801828-38801871:-@exon:chr17:38798707-38798811:-@exon:chr17:38793744-38793824:-,bimodal,RN7SL1,(+) Positive
199084,SMARCE1,MN,ENSG00000258890,0.538092812293,exon:chr17:38801828-38801871:-@exon:chr17:38798707-38798811:-@exon:chr17:38793744-38793824:-,bimodal,CEP95,(+) Positive
199181,SMARCE1,MN,ENSG00000259697,-0.523168620913,exon:chr17:38801828-38801871:-@exon:chr17:38798707-38798811:-@exon:chr17:38793744-38793824:-,bimodal,RP11-299H22.1,(-) Negative
199212,SMARCE1,MN,ENSG00000259921,-0.551659138707,exon:chr17:38801828-38801871:-@exon:chr17:38798707-38798811:-@exon:chr17:38793744-38793824:-,bimodal,AC022819.3,(-) Negative
199291,SMARCE1,MN,ENSG00000260460,-0.51095740483,exon:chr17:38801828-38801871:-@exon:chr17:38798707-38798811:-@exon:chr17:38793744-38793824:-,bimodal,RP11-284F21.8,(-) Negative
199502,SMARCE1,MN,ENSG00000262477,0.673500602406,exon:chr17:38801828-38801871:-@exon:chr17:38798707-38798811:-@exon:chr17:38793744-38793824:-,bimodal,AC021224.1,(+) Positive
199546,SMARCE1,MN,ENSG00000263327,-0.5794714712,exon:chr17:38801828-38801871:-@exon:chr17:38798707-38798811:-@exon:chr17:38793744-38793824:-,bimodal,TAPT1-AS1,(-) Negative
199613,SMARCE1,MN,ENSG00000264577,0.507874528381,exon:chr17:38801828-38801871:-@exon:chr17:38798707-38798811:-@exon:chr17:38793744-38793824:-,bimodal,AC010761.8,(+) Positive
199767,SMARCE1,MN,ENSG00000267165,0.528964390913,exon:chr17:38801828-38801871:-@exon:chr17:38798707-38798811:-@exon:chr17:38793744-38793824:-,bimodal,RP11-78A19.3,(+) Positive
199775,SMARCE1,MN,ENSG00000267207,0.664626322719,exon:chr17:38801828-38801871:-@exon:chr17:38798707-38798811:-@exon:chr17:38793744-38793824:-,bimodal,RP11-264B14.1,(+) Positive
199995,SMARCE1,MN,ENSG00000269048,-0.563549269277,exon:chr17:38801828-38801871:-@exon:chr17:38798707-38798811:-@exon:chr17:38793744-38793824:-,bimodal,Z98049.1,(-) Negative
200085,SMARCE1,MN,ENSG00000269888,0.646150279821,exon:chr17:38801828-38801871:-@exon:chr17:38798707-38798811:-@exon:chr17:38793744-38793824:-,bimodal,RP11-3P17.5,(+) Positive
200181,SMARCE1,MN,ENSG00000271646,-0.559771331379,exon:chr17:38801828-38801871:-@exon:chr17:38798707-38798811:-@exon:chr17:38793744-38793824:-,bimodal,RP11-326I11.3,(-) Negative
200311,SMARCE1,MN,ENSG00000272909,-0.514298349189,exon:chr17:38801828-38801871:-@exon:chr17:38798707-38798811:-@exon:chr17:38793744-38793824:-,bimodal,CTD-2555O16.4,(-) Negative
200385,SMARCE1,MN,ENSGR0000169100,0.638576740425,exon:chr17:38801828-38801871:-@exon:chr17:38798707-38798811:-@exon:chr17:38793744-38793824:-,bimodal,SLC25A6,(+) Positive
