,outrigger_id,sample_id,outrigger_psi,alternative_exon,miso_id,miso_psi
613,exon:chr10:102019975-102020076:-@exon:chr10:102016019-102016233:-@exon:chr10:102013178-102013296:-,P9_02,0.0,exon:chr10:102016019-102016233:-,chr10:102019975:102020076:-@chr10:102016019:102016233:-@chr10:102013178:102013296:-,0.59
614,exon:chr10:102019975-102020076:-@exon:chr10:102016019-102016233:-@exon:chr10:102013178-102013296:-,P9_02,0.0,exon:chr10:102016019-102016233:-,chr10:102020723:102020801:-@chr10:102016019:102016233:-@chr10:102013178:102013296:-,1.0
615,exon:chr10:102019975-102020076:-@exon:chr10:102016019-102016233:-@exon:chr10:102013178-102013296:-,P9_02,0.0,exon:chr10:102016019-102016233:-,chr10:102027328:102027437:-@chr10:102016019:102016233:-@chr10:102013178:102013296:-,1.0
640,exon:chr10:102020723-102020801:-@exon:chr10:102019975-102020076:-@exon:chr10:102013178-102013296:-,P9_02,1.0,exon:chr10:102019975-102020076:-,chr10:102020723:102020801:-@chr10:102019975:102020076:-@chr10:102016019:102016233:-,0.37
8135,exon:chr10:114917780-114917828:+@exon:chr10:114918426-114918476:+@exon:chr10:114919679-114919751:+,P9_02,1.0,exon:chr10:114918426-114918476:+,chr10:114917780:114917828:+@chr10:114918426:114918476:+@chr10:114925314:114927436:+,0.2
9707,exon:chr10:120863629-120863709:+@exon:chr10:120864276-120864534:+@exon:chr10:120867480-120867676:+,P9_02,0.0,exon:chr10:120864276-120864534:+,chr10:120863611:120863709:+@chr10:120864276:120864534:+@chr10:120864823:120865007:+,1.0
31137,exon:chr10:73975787-73975830:+@exon:chr10:73983646-73983814:+@exon:chr10:73990124-73990198:+,P9_02,0.0,exon:chr10:73983646-73983814:+,chr10:73975758:73975830:+@chr10:73983646:73983814:+@chr10:73990124:73990198:+,0.98
31138,exon:chr10:73975787-73975830:+@exon:chr10:73983646-73983814:+@exon:chr10:73990124-73990198:+,P9_02,0.0,exon:chr10:73983646-73983814:+,chr10:73975758:73975896:+@chr10:73983646:73983814:+@chr10:73990124:73990198:+,0.97
31139,exon:chr10:73975806-73975896:+@exon:chr10:73983646-73983814:+@exon:chr10:73990124-73990198:+,P9_02,0.0,exon:chr10:73983646-73983814:+,chr10:73975758:73975830:+@chr10:73983646:73983814:+@chr10:73990124:73990198:+,0.98
31140,exon:chr10:73975806-73975896:+@exon:chr10:73983646-73983814:+@exon:chr10:73990124-73990198:+,P9_02,0.0,exon:chr10:73983646-73983814:+,chr10:73975758:73975896:+@chr10:73983646:73983814:+@chr10:73990124:73990198:+,0.97
40679,exon:chr11:105948039-105948492:-@exon:chr11:105947234-105947434:-@exon:chr11:105929592-105929836:-@exon:chr11:105925080-105925182:-,P9_02,0.0,exon:chr11:105947234-105947434:-@exon:chr11:105929592-105929836:-,chr11:105948039:105948465:-@chr11:105947234:105947434:-@chr11:105929592:105929836:-@chr11:105921825:105925182:-,0.99
42984,exon:chr11:111957364-111957522:-@exon:chr11:111956691-111957034:-@exon:chr11:111955541-111956186:-,P9_02,0.0,exon:chr11:111956691-111957034:-,chr11:111957364:111957522:-@chr11:111956691:111957034:-@chr11:111955539:111956186:-,0.82
54468,exon:chr11:17304336-17304490:+@exon:chr11:17308181-17308264:+@exon:chr11:17312787-17312912:+@exon:chr11:17316871-17316988:+,P9_02,0.0,exon:chr11:17308181-17308264:+@exon:chr11:17312787-17312912:+,chr11:17304336:17304490:+@chr11:17308181:17308264:+@chr11:17312787:17312912:+@chr11:17316871:17317014:+,1.0
57319,exon:chr11:238998-239076:+@exon:chr11:244041-244075:+@exon:chr11:244161-244216:+,P9_02,1.0,exon:chr11:244041-244075:+,chr11:236808:237144:+@chr11:244041:244075:+@chr11:244161:244216:+,0.01
87674,exon:chr11:75112684-75112777:+@exon:chr11:75113396-75113423:+@exon:chr11:75115064-75115251:+@exon:chr11:75115716-75116038:+,P9_02,0.0,exon:chr11:75113396-75113423:+@exon:chr11:75115064-75115251:+,chr11:75112684:75112777:+@chr11:75113396:75113423:+@chr11:75115064:75115251:+@chr11:75115716:75115912:+,0.91
87898,exon:chr11:75112684-75112777:+@exon:chr11:75113396-75113490:+@exon:chr11:75115064-75115251:+@exon:chr11:75115716-75116038:+,P9_02,0.0,exon:chr11:75113396-75113490:+@exon:chr11:75115064-75115251:+,chr11:75112684:75112777:+@chr11:75113396:75113490:+@chr11:75115064:75115251:+@chr11:75115716:75115912:+,0.69
102698,exon:chr12:104680835-104680887:+@exon:chr12:104682709-104682818:+@exon:chr12:104705068-104705190:+@exon:chr12:104707023-104707095:+,P9_02,0.0,exon:chr12:104682709-104682818:+@exon:chr12:104705068-104705190:+,chr12:104680460:104680887:+@chr12:104682709:104682818:+@chr12:104705068:104705190:+@chr12:104707023:104707095:+,0.64
102699,exon:chr12:104680835-104680887:+@exon:chr12:104682709-104682818:+@exon:chr12:104705068-104705190:+@exon:chr12:104707023-104707095:+,P9_02,0.0,exon:chr12:104682709-104682818:+@exon:chr12:104705068-104705190:+,chr12:104680727:104681124:+@chr12:104682709:104682818:+@chr12:104705068:104705190:+@chr12:104707023:104707095:+,0.93
107711,exon:chr12:110939854-110939922:-@exon:chr12:110936625-110936664:-@exon:chr12:110933817-110934008:-,P9_02,0.450561791658,exon:chr12:110936625-110936664:-,chr12:110939854:110939916:-@chr12:110936625:110936664:-@chr12:110934103:110934807:-,0.99
109645,exon:chr12:120636657-120636803:-@exon:chr12:120636357-120636434:-@exon:chr12:120635125-120635265:-,P9_02,0.0,exon:chr12:120636357-120636434:-,chr12:120636657:120636803:-@chr12:120636357:120636434:-@chr12:120635125:120635265:-,1.0
109981,exon:chr12:120636657-120636803:-@exon:chr12:120636357-120636573:-@exon:chr12:120635175-120635265:-,P9_02,0.0,exon:chr12:120636357-120636573:-,chr12:120636657:120636803:-@chr12:120636357:120636573:-@chr12:120635125:120635265:-,1.0
120121,exon:chr12:16500579-16500644:+@exon:chr12:16507165-16507204:+@exon:chr12:16510539-16510633:+,P9_02,0.0,exon:chr12:16507165-16507204:+,chr12:16500577:16500644:+@chr12:16507165:16507204:+@chr12:16510539:16510633:+,0.99
121863,exon:chr12:21659819-21659910:+@exon:chr12:21661317-21661495:+@exon:chr12:21665229-21665310:+,P9_02,1.0,exon:chr12:21661317-21661495:+,chr12:21654699:21654882:+@chr12:21661317:21661495:+@chr12:21665229:21665310:+,0.03
138137,exon:chr12:53689075-53689423:+@exon:chr12:53689623-53690251:+@exon:chr12:53691634-53691708:+,P9_02,0.0,exon:chr12:53689623-53690251:+,chr12:53689235:53689423:+@chr12:53689623:53690251:+@chr12:53691634:53691708:+,0.86
139988,exon:chr12:53689366-53689423:+@exon:chr12:53689623-53689725:+@exon:chr12:53690214-53690335:+@exon:chr12:53691634-53691708:+,P9_02,1.0,exon:chr12:53689623-53689725:+@exon:chr12:53690214-53690335:+,chr12:53689235:53689423:+@chr12:53689623:53689725:+@chr12:53690214:53690335:+@chr12:53691634:53691708:+,0.0
140409,exon:chr12:53689366-53689423:+@exon:chr12:53690028-53690059:+@exon:chr12:53691634-53691708:+,P9_02,0.0,exon:chr12:53690028-53690059:+,chr12:53689623:53689725:+@chr12:53690028:53690059:+@chr12:53691634:53691708:+,0.98
140616,exon:chr12:53689623-53689725:+@exon:chr12:53690028-53690059:+@exon:chr12:53690214-53690251:+@exon:chr12:53691634-53691708:+,P9_02,1.0,exon:chr12:53690028-53690059:+@exon:chr12:53690214-53690251:+,chr12:53689623:53689725:+@chr12:53690028:53690059:+@chr12:53690214:53690251:+@chr12:53691634:53691708:+,0.0
140805,exon:chr12:53689623-53689725:+@exon:chr12:53690028-53690059:+@exon:chr12:53690214-53690335:+@exon:chr12:53691634-53691708:+,P9_02,1.0,exon:chr12:53690028-53690059:+@exon:chr12:53690214-53690335:+,chr12:53689623:53689725:+@chr12:53690028:53690059:+@chr12:53690214:53690335:+@chr12:53691634:53691708:+,0.0
149262,exon:chr12:56552465-56552495:+@exon:chr12:56553407-56553514:+@exon:chr12:56553759-56553932:+,P9_02,0.0,exon:chr12:56553407-56553514:+,chr12:56552468:56552495:+@chr12:56553407:56553514:+@chr12:56553759:56553932:+,0.95
185527,exon:chr13:76111800-76111811:-@exon:chr13:76104447-76104544:-@exon:chr13:76104250-76104402:-@exon:chr13:76100572-76100775:-,P9_02,0.124310567975,exon:chr13:76104447-76104544:-@exon:chr13:76104250-76104402:-,chr13:76111800:76111811:-@chr13:76104447:76104544:-@chr13:76104250:76104402:-@chr13:76100572:76100775:-,0.89
188135,exon:chr14:100842597-100842624:-@exon:chr14:100841620-100841743:-@exon:chr14:100835424-100835595:-@exon:chr14:100828168-100828258:-,P9_02,0.0,exon:chr14:100841620-100841743:-@exon:chr14:100835424-100835595:-,chr14:100842597:100842680:-@chr14:100841620:100841743:-@chr14:100835424:100835595:-@chr14:100828045:100828258:-,0.93
188572,exon:chr14:100842597-100842645:-@exon:chr14:100841620-100841743:-@exon:chr14:100835446-100835595:-,P9_02,0.0,exon:chr14:100841620-100841743:-,chr14:100841848:100841944:-@chr14:100841620:100841743:-@chr14:100840473:100840602:-,1.0
188574,exon:chr14:100842597-100842645:-@exon:chr14:100841620-100841743:-@exon:chr14:100835446-100835595:-,P9_02,0.0,exon:chr14:100841620-100841743:-,chr14:100842597:100842680:-@chr14:100841620:100841743:-@chr14:100835424:100835595:-,0.71
188575,exon:chr14:100842597-100842645:-@exon:chr14:100841620-100841743:-@exon:chr14:100835446-100835595:-,P9_02,0.0,exon:chr14:100841620-100841743:-,chr14:100842597:100842680:-@chr14:100841620:100841743:-@chr14:100840317:100840401:-,1.0
188576,exon:chr14:100842597-100842645:-@exon:chr14:100841620-100841743:-@exon:chr14:100835446-100835595:-,P9_02,0.0,exon:chr14:100841620-100841743:-,chr14:100842597:100842680:-@chr14:100841620:100841743:-@chr14:100840473:100840581:-,1.0
188786,exon:chr14:100842597-100842646:-@exon:chr14:100841620-100841883:-@exon:chr14:100835424-100835595:-,P9_02,0.0,exon:chr14:100841620-100841883:-,chr14:100842597:100842680:-@chr14:100841620:100841883:-@chr14:100835424:100835595:-,0.72
188787,exon:chr14:100842597-100842646:-@exon:chr14:100841620-100841883:-@exon:chr14:100835424-100835595:-,P9_02,0.0,exon:chr14:100841620-100841883:-,chr14:100842597:100842680:-@chr14:100841620:100841883:-@chr14:100840473:100840581:-,1.0
212733,exon:chr14:50312858-50312983:-@exon:chr14:50307436-50307584:-@exon:chr14:50304857-50304924:-,P9_02,0.0,exon:chr14:50307436-50307584:-,chr14:50312858:50312983:-@chr14:50307436:50307584:-@chr14:50304857:50304924:-,1.0
215112,exon:chr14:54863721-54863795:+@exon:chr14:54866612-54866630:+@exon:chr14:54868242-54868297:+@exon:chr14:54875463-54875507:+,P9_02,0.0,exon:chr14:54866612-54866630:+@exon:chr14:54868242-54868297:+,chr14:54863673:54863795:+@chr14:54866612:54866630:+@chr14:54868242:54868297:+@chr14:54875463:54875507:+,0.99
231323,exon:chr14:76642966-76643033:+@exon:chr14:76644235-76644274:+@exon:chr14:76644331-76644385:+@exon:chr14:76647107-76647192:+,P9_02,0.0,exon:chr14:76644235-76644274:+@exon:chr14:76644331-76644385:+,chr14:76642966:76643033:+@chr14:76644235:76644274:+@chr14:76644331:76644385:+@chr14:76644551:76644665:+,0.99
231324,exon:chr14:76642966-76643033:+@exon:chr14:76644235-76644274:+@exon:chr14:76644331-76644385:+@exon:chr14:76647107-76647192:+,P9_02,0.0,exon:chr14:76644235-76644274:+@exon:chr14:76644331-76644385:+,chr14:76642966:76643033:+@chr14:76644235:76644274:+@chr14:76644331:76644385:+@chr14:76647107:76647192:+,1.0
233874,exon:chr14:90422282-90422314:+@exon:chr14:90422922-90423144:+@exon:chr14:90429452-90430017:+@exon:chr14:90432491-90432534:+,P9_02,0.0,exon:chr14:90422922-90423144:+@exon:chr14:90429452-90430017:+,chr14:90422246:90422314:+@chr14:90422922:90423144:+@chr14:90429452:90430017:+@chr14:90432491:90432534:+,1.0
233875,exon:chr14:90422282-90422314:+@exon:chr14:90422922-90423144:+@exon:chr14:90429452-90430017:+@exon:chr14:90432491-90432534:+,P9_02,0.0,exon:chr14:90422922-90423144:+@exon:chr14:90429452-90430017:+,chr14:90422337:90422622:+@chr14:90422922:90423144:+@chr14:90429452:90430017:+@chr14:90432491:90432534:+,1.0
235289,exon:chr14:92562437-92562481:-@exon:chr14:92560090-92560175:-@exon:chr14:92559596-92559662:-,P9_02,1.0,exon:chr14:92560090-92560175:-,chr14:92563018:92563182:-@chr14:92560090:92560175:-@chr14:92555074:92555161:-,0.01
235609,exon:chr14:92563018-92563182:-@exon:chr14:92562437-92562481:-@exon:chr14:92560090-92560175:-,P9_02,1.0,exon:chr14:92562437-92562481:-,chr14:92572873:92572965:-@chr14:92562437:92562481:-@chr14:92549470:92549602:-,0.01
243901,exon:chr15:34517226-34517401:+@exon:chr15:34517737-34517851:+@exon:chr15:34519894-34520047:+,P9_02,1.0,exon:chr15:34517737-34517851:+,chr15:34517245:34517401:+@chr15:34517737:34517851:+@chr15:34521954:34522357:+,0.02
277266,exon:chr15:80351955-80352151:+@exon:chr15:80390758-80390920:+@exon:chr15:80407369-80407412:+@exon:chr15:80412670-80412747:+,P9_02,1.0,exon:chr15:80390758-80390920:+@exon:chr15:80407369-80407412:+,chr15:80351910:80352151:+@chr15:80390758:80390920:+@chr15:80407369:80407412:+@chr15:80412670:80412840:+,0.49
281974,exon:chr15:91537637-91537725:-@exon:chr15:91527248-91527370:-@exon:chr15:91524978-91525211:-,P9_02,0.0,exon:chr15:91527248-91527370:-,chr15:91527923:91528055:-@chr15:91527248:91527370:-@chr15:91524978:91525211:-,0.96
282162,exon:chr15:91537637-91538859:-@exon:chr15:91527923-91528055:-@exon:chr15:91527248-91527370:-,P9_02,1.0,exon:chr15:91527923-91528055:-,chr15:91537637:91537804:-@chr15:91527923:91528055:-@chr15:91524978:91525211:-,0.07
282163,exon:chr15:91537637-91538859:-@exon:chr15:91527923-91528055:-@exon:chr15:91527248-91527370:-,P9_02,1.0,exon:chr15:91527923-91528055:-,chr15:91537637:91537804:-@chr15:91527923:91528055:-@chr15:91527248:91527370:-,0.28
293140,exon:chr16:30075745-30075826:+@exon:chr16:30077197-30077248:+@exon:chr16:30078555-30078611:+,P9_02,0.0,exon:chr16:30077197-30077248:+,chr16:30075818:30076105:+@chr16:30077197:30077248:+@chr16:30078555:30078687:+,1.0
317345,exon:chr17:1264386-1264592:-@exon:chr17:1257505-1257641:-@exon:chr17:1247834-1248793:-,P9_02,1.0,exon:chr17:1257505-1257641:-,chr17:1268153:1268352:-@chr17:1257505:1257641:-@chr17:1247834:1248793:-,0.35
320309,exon:chr17:16342351-16342728:+@exon:chr17:16342974-16343017:+@exon:chr17:16343499-16343567:+,P9_02,0.155078083277,exon:chr17:16342974-16343017:+,chr17:16342301:16342374:+@chr17:16342974:16343017:+@chr17:16343499:16343567:+,1.0
320310,exon:chr17:16342351-16342728:+@exon:chr17:16342974-16343017:+@exon:chr17:16343499-16343567:+,P9_02,0.155078083277,exon:chr17:16342974-16343017:+,chr17:16342641:16342728:+@chr17:16342974:16343017:+@chr17:16343425:16343567:+,1.0
320697,exon:chr17:16342377-16342728:+@exon:chr17:16342842-16343017:+@exon:chr17:16343499-16343567:+,P9_02,0.0,exon:chr17:16342842-16343017:+,chr17:16342641:16342728:+@chr17:16342842:16343017:+@chr17:16343425:16343567:+,1.0
320933,exon:chr17:16342635-16342728:+@exon:chr17:16342895-16343017:+@exon:chr17:16343499-16343567:+,P9_02,0.165208846331,exon:chr17:16342895-16343017:+,chr17:16342641:16342728:+@chr17:16342895:16343017:+@chr17:16343425:16343567:+,1.0
333613,exon:chr17:3626982-3627038:-@exon:chr17:3626582-3626677:-@exon:chr17:3623601-3623696:-,P9_02,0.0,exon:chr17:3626582-3626677:-,chr17:3626982:3627038:-@chr17:3626582:3626677:-@chr17:3623601:3623696:-,0.52
355608,exon:chr17:5384616-5384709:-@exon:chr17:5384421-5384462:-@exon:chr17:5383707-5383902:-@exon:chr17:5383374-5383464:-,P9_02,0.0,exon:chr17:5384421-5384462:-@exon:chr17:5383707-5383902:-,chr17:5384616:5384709:-@chr17:5384421:5384462:-@chr17:5383707:5383902:-@chr17:5383374:5383464:-,1.0
355609,exon:chr17:5384616-5384709:-@exon:chr17:5384421-5384462:-@exon:chr17:5383707-5383902:-@exon:chr17:5383374-5383464:-,P9_02,0.0,exon:chr17:5384421-5384462:-@exon:chr17:5383707-5383902:-,chr17:5386129:5386202:-@chr17:5384421:5384462:-@chr17:5383707:5383902:-@chr17:5383374:5383464:-,1.0
367125,exon:chr17:71228225-71228459:-@exon:chr17:71223304-71223403:-@exon:chr17:71205744-71205907:-,P9_02,1.0,exon:chr17:71223304-71223403:-,chr17:71228225:71228533:-@chr17:71223304:71223403:-@chr17:71203492:71205907:-,0.16
372463,exon:chr17:76210761-76210870:+@exon:chr17:76212745-76212862:+@exon:chr17:76218909-76219073:+@exon:chr17:76219546-76219635:+,P9_02,1.0,exon:chr17:76212745-76212862:+@exon:chr17:76218909-76219073:+,chr17:76210761:76210870:+@chr17:76212745:76212862:+@chr17:76218909:76219073:+@chr17:76219546:76221716:+,0.0
386970,exon:chr18:47015729-47015920:-@exon:chr18:47014870-47014936:-@exon:chr18:47009954-47010141:-,P9_02,0.0,exon:chr18:47014870-47014936:-,chr18:47015729:47015920:-@chr18:47014870:47014936:-@chr18:47009954:47010141:-,1.0
458100,exon:chr1:161008670-161008727:-@exon:chr1:161008341-161008484:-@exon:chr1:161007421-161007865:-,P9_02,0.0,exon:chr1:161008341-161008484:-,chr1:161008670:161008774:-@chr1:161008341:161008484:-@chr1:161007703:161007865:-,0.63
470854,exon:chr1:19923561-19923603:+@exon:chr1:19924328-19924347:+@exon:chr1:19943752-19943830:+@exon:chr1:19948594-19948641:+,P9_02,0.0,exon:chr1:19924328-19924347:+@exon:chr1:19943752-19943830:+,chr1:19923471:19923603:+@chr1:19924328:19924347:+@chr1:19943752:19943830:+@chr1:19948594:19948641:+,1.0
477963,exon:chr1:219352489-219352588:+@exon:chr1:219352723-219352768:+@exon:chr1:219366472-219366593:+@exon:chr1:219383874-219383989:+,P9_02,0.0,exon:chr1:219352723-219352768:+@exon:chr1:219366472-219366593:+,chr1:219352489:219352588:+@chr1:219352723:219352768:+@chr1:219366472:219366593:+@chr1:219383874:219383989:+,1.0
478121,exon:chr1:219352489-219352588:+@exon:chr1:219352742-219352768:+@exon:chr1:219366472-219366593:+@exon:chr1:219383874-219383989:+,P9_02,0.0,exon:chr1:219352742-219352768:+@exon:chr1:219366472-219366593:+,chr1:219352489:219352588:+@chr1:219352742:219352768:+@chr1:219366472:219366593:+@chr1:219383874:219383989:+,1.0
481719,exon:chr1:224544552-224544695:+@exon:chr1:224548197-224548265:+@exon:chr1:224551811-224552157:+@exon:chr1:224553581-224553693:+,P9_02,1.0,exon:chr1:224548197-224548265:+@exon:chr1:224551811-224552157:+,chr1:224544595:224544695:+@chr1:224548197:224548265:+@chr1:224551811:224552157:+@chr1:224553581:224553693:+,0.0
486611,exon:chr1:228296850-228296981:-@exon:chr1:228296656-228296722:-@exon:chr1:228296142-228296209:-@exon:chr1:228295815-228296019:-,P9_02,1.0,exon:chr1:228296656-228296722:-@exon:chr1:228296142-228296209:-,chr1:228296850:228297013:-@chr1:228296656:228296722:-@chr1:228296142:228296209:-@chr1:228295936:228296019:-,0.0
486783,exon:chr1:228296850-228296997:-@exon:chr1:228296656-228296722:-@exon:chr1:228296138-228296209:-@exon:chr1:228295815-228296019:-,P9_02,1.0,exon:chr1:228296656-228296722:-@exon:chr1:228296138-228296209:-,chr1:228296850:228297013:-@chr1:228296656:228296722:-@chr1:228296138:228296209:-@chr1:228295936:228296019:-,0.0
486784,exon:chr1:228296850-228296997:-@exon:chr1:228296656-228296722:-@exon:chr1:228296138-228296209:-@exon:chr1:228295815-228296019:-,P9_02,1.0,exon:chr1:228296656-228296722:-@exon:chr1:228296138-228296209:-,chr1:228296850:228297013:-@chr1:228296656:228296722:-@chr1:228296138:228296209:-@chr1:228295936:228296022:-,0.0
489383,exon:chr1:23495259-23495351:-@exon:chr1:23435515-23435620:-@exon:chr1:23417683-23420873:-,P9_02,1.0,exon:chr1:23435515-23435620:-,chr1:23495259:23495517:-@chr1:23435515:23435620:-@chr1:23417683:23420873:-,0.09
521011,exon:chr1:46056895-46056942:+@exon:chr1:46066057-46066129:+@exon:chr1:46067927-46068037:+,P9_02,0.108856596053,exon:chr1:46066057-46066129:+,chr1:46060366:46060445:+@chr1:46066057:46066129:+@chr1:46067927:46068037:+,0.66
525325,exon:chr1:52530497-52530610:+@exon:chr1:52530959-52531080:+@exon:chr1:52549012-52549213:+@exon:chr1:52551784-52552282:+,P9_02,0.0,exon:chr1:52530959-52531080:+@exon:chr1:52549012-52549213:+,chr1:52530497:52530610:+@chr1:52530959:52531080:+@chr1:52549012:52549213:+@chr1:52551784:52551843:+,1.0
532998,exon:chr1:70712501-70712590:+@exon:chr1:70712800-70712832:+@exon:chr1:70715614-70715730:+,P9_02,1.0,exon:chr1:70712800-70712832:+,chr1:70712501:70712590:+@chr1:70712800:70712832:+@chr1:70715635:70715730:+,0.28
535411,exon:chr1:76254844-76255041:+@exon:chr1:76255637-76255742:+@exon:chr1:76256970-76257022:+,P9_02,1.0,exon:chr1:76255637-76255742:+,chr1:76254844:76255041:+@chr1:76255637:76255742:+@chr1:76255837:76255959:+,0.11
550921,exon:chr20:31390191-31390276:+@exon:chr20:31393144-31393213:+@exon:chr20:31394015-31394133:+,P9_02,1.0,exon:chr20:31393144-31393213:+,chr20:31390191:31390276:+@chr20:31393144:31393213:+@chr20:31395568:31397162:+,0.44
551144,exon:chr20:31393144-31393213:+@exon:chr20:31394015-31394133:+@exon:chr20:31395568-31397162:+,P9_02,1.0,exon:chr20:31394015-31394133:+,chr20:31390191:31390276:+@chr20:31394015:31394133:+@chr20:31395568:31397162:+,0.46
556000,exon:chr20:34328746-34328759:-@exon:chr20:34328447-34328519:-@exon:chr20:34326890-34326939:-,P9_02,0.409691631794,exon:chr20:34328447-34328519:-,chr20:34328746:34328809:-@chr20:34328447:34328519:-@chr20:34327025:34327469:-,1.0
559618,exon:chr20:37055062-37055146:-@exon:chr20:37054583-37054696:-@exon:chr20:37050739-37050888:-@exon:chr20:37049653-37049745:-,P9_02,0.0,exon:chr20:37054583-37054696:-@exon:chr20:37050739-37050888:-,chr20:37055062:37055146:-@chr20:37054583:37054696:-@chr20:37050739:37050888:-@chr20:37049653:37049745:-,1.0
559683,exon:chr20:37055062-37055146:-@exon:chr20:37054583-37054700:-@exon:chr20:37050739-37050888:-@exon:chr20:37049653-37049745:-,P9_02,0.0,exon:chr20:37054583-37054700:-@exon:chr20:37050739-37050888:-,chr20:37055062:37055146:-@chr20:37054583:37054700:-@chr20:37050739:37050888:-@chr20:37049653:37049745:-,1.0
563445,exon:chr20:44443023-44443109:+@exon:chr20:44444029-44444179:+@exon:chr20:44444180-44444384:+@exon:chr20:44444493-44444552:+,P9_02,0.0,exon:chr20:44444029-44444179:+@exon:chr20:44444180-44444384:+,chr20:44443023:44443109:+@chr20:44444029:44444179:+@chr20:44444180:44444384:+@chr20:44444493:44444552:+,1.0
583065,exon:chr21:44313378-44313491:+@exon:chr21:44317037-44317157:+@exon:chr21:44323292-44324386:+@exon:chr21:44328974-44333414:+,P9_02,1.0,exon:chr21:44317037-44317157:+@exon:chr21:44323292-44324386:+,chr21:44313378:44313491:+@chr21:44317037:44317157:+@chr21:44323292:44324386:+@chr21:44328974:44329773:+,0.08
584766,exon:chr22:18257147-18257178:-@exon:chr22:18232871-18232940:-@exon:chr22:18226569-18226779:-,P9_02,1.0,exon:chr22:18232871-18232940:-,chr22:18256376:18256808:-@chr22:18232871:18232940:-@chr22:18222115:18222254:-,0.02
584769,exon:chr22:18257147-18257178:-@exon:chr22:18232871-18232940:-@exon:chr22:18226569-18226779:-,P9_02,1.0,exon:chr22:18232871-18232940:-,chr22:18257406:18257431:-@chr22:18232871:18232940:-@chr22:18222115:18222254:-,0.01
627652,exon:chr2:198380556-198380870:+@exon:chr2:198388348-198388410:+@exon:chr2:198400254-198400354:+,P9_02,0.461709707975,exon:chr2:198388348-198388410:+,chr2:198380767:198380870:+@chr2:198388348:198388410:+@chr2:198404835:198404877:+,1.0
627725,exon:chr2:198380771-198380870:+@exon:chr2:198388348-198388410:+@exon:chr2:198400254-198400354:+@exon:chr2:198404835-198404877:+,P9_02,0.0,exon:chr2:198388348-198388410:+@exon:chr2:198400254-198400354:+,chr2:198380295:198380408:+@chr2:198388348:198388410:+@chr2:198400254:198400354:+@chr2:198404835:198404877:+,1.0
644506,exon:chr2:233562093-233562102:+@exon:chr2:233568134-233568199:+@exon:chr2:233589284-233589401:+@exon:chr2:233599865-233600161:+,P9_02,1.0,exon:chr2:233568134-233568199:+@exon:chr2:233589284-233589401:+,chr2:233562015:233562102:+@chr2:233568134:233568199:+@chr2:233589284:233589401:+@chr2:233599865:233599948:+,0.01
649077,exon:chr2:242255359-242255397:+@exon:chr2:242263631-242263656:+@exon:chr2:242265408-242265528:+@exon:chr2:242274541-242275055:+,P9_02,1.0,exon:chr2:242263631-242263656:+@exon:chr2:242265408-242265528:+,chr2:242255281:242255397:+@chr2:242263631:242263656:+@chr2:242265408:242265528:+@chr2:242274541:242274627:+,0.05
649078,exon:chr2:242255359-242255397:+@exon:chr2:242263631-242263656:+@exon:chr2:242265408-242265528:+@exon:chr2:242274541-242275055:+,P9_02,1.0,exon:chr2:242263631-242263656:+@exon:chr2:242265408-242265528:+,chr2:242259618:242259702:+@chr2:242263631:242263656:+@chr2:242265408:242265528:+@chr2:242274541:242274627:+,0.12
649593,exon:chr2:242263631-242263656:+@exon:chr2:242265408-242265528:+@exon:chr2:242274541-242274625:+,P9_02,0.0183112919331,exon:chr2:242265408-242265528:+,chr2:242255281:242255397:+@chr2:242265408:242265528:+@chr2:242274541:242274627:+,0.95
652002,exon:chr2:271866-271939:+@exon:chr2:272037-272150:+@exon:chr2:272192-272305:+@exon:chr2:275140-275200:+,P9_02,1.0,exon:chr2:272037-272150:+@exon:chr2:272192-272305:+,chr2:271866:271939:+@chr2:272037:272150:+@chr2:272192:272305:+@chr2:275140:275201:+,0.43
653691,exon:chr2:27545315-27545431:-@exon:chr2:27539945-27540040:-@exon:chr2:27535861-27535976:-@exon:chr2:27535547-27535639:-,P9_02,0.0,exon:chr2:27539945-27540040:-@exon:chr2:27535861-27535976:-,chr2:27545315:27545389:-@chr2:27539945:27540040:-@chr2:27535861:27535976:-@chr2:27535547:27535639:-,0.99
660292,exon:chr2:38604285-38604403:-@exon:chr2:38581209-38581319:-@exon:chr2:38570410-38570654:-@exon:chr2:38546079-38546161:-,P9_02,0.0,exon:chr2:38581209-38581319:-@exon:chr2:38570410-38570654:-,chr2:38604285:38604432:-@chr2:38581209:38581319:-@chr2:38570410:38570654:-@chr2:38546027:38546161:-,1.0
676133,exon:chr2:71558894-71559005:+@exon:chr2:71575883-71577401:+@exon:chr2:71582849-71582910:+,P9_02,0.0,exon:chr2:71575883-71577401:+,chr2:71503723:71503884:+@chr2:71575883:71577401:+@chr2:71582849:71582910:+,0.99
676134,exon:chr2:71558894-71559005:+@exon:chr2:71575883-71577401:+@exon:chr2:71582849-71582910:+,P9_02,0.0,exon:chr2:71575883-71577401:+,chr2:71558885:71558995:+@chr2:71575883:71577401:+@chr2:71582849:71582910:+,0.97
676135,exon:chr2:71558894-71559005:+@exon:chr2:71575883-71577401:+@exon:chr2:71582849-71582910:+,P9_02,0.0,exon:chr2:71575883-71577401:+,chr2:71558885:71559005:+@chr2:71575883:71577401:+@chr2:71582849:71582910:+,0.82
681138,exon:chr2:74173846-74174033:+@exon:chr2:74177712-74177859:+@exon:chr2:74184252-74184367:+,P9_02,1.0,exon:chr2:74177712-74177859:+,chr2:74173846:74174033:+@chr2:74177712:74177859:+@chr2:74185273:74185372:+,0.48
681423,exon:chr2:74173846-74174033:+@exon:chr2:74177754-74177859:+@exon:chr2:74184252-74184367:+,P9_02,1.0,exon:chr2:74177754-74177859:+,chr2:74173846:74174033:+@chr2:74177754:74177859:+@chr2:74185273:74185372:+,0.03
681641,exon:chr2:74173846-74174033:+@exon:chr2:74184252-74184367:+@exon:chr2:74185273-74185372:+,P9_02,0.0,exon:chr2:74184252-74184367:+,chr2:74177712:74177859:+@chr2:74184252:74184367:+@chr2:74185273:74185372:+,1.0
697832,exon:chr3:119222379-119222467:+@exon:chr3:119222801-119222868:+@exon:chr3:119232488-119232566:+,P9_02,1.0,exon:chr3:119222801-119222868:+,chr3:119217368:119217774:+@chr3:119222801:119222868:+@chr3:119236052:119236162:+,0.0
697833,exon:chr3:119222379-119222467:+@exon:chr3:119222801-119222868:+@exon:chr3:119232488-119232566:+,P9_02,1.0,exon:chr3:119222801-119222868:+,chr3:119219542:119219707:+@chr3:119222801:119222868:+@chr3:119236052:119236162:+,0.0
700701,exon:chr3:12531279-12531488:+@exon:chr3:12533635-12533716:+@exon:chr3:12538017-12538053:+,P9_02,1.0,exon:chr3:12533635-12533716:+,chr3:12531283:12531488:+@chr3:12533635:12533716:+@chr3:12538017:12538053:+,0.03
707493,exon:chr3:141747421-141747507:-@exon:chr3:141724283-141724386:-@exon:chr3:141713862-141713983:-@exon:chr3:141697430-141697524:-,P9_02,1.0,exon:chr3:141724283-141724386:-@exon:chr3:141713862-141713983:-,chr3:141747421:141747507:-@chr3:141724283:141724386:-@chr3:141713862:141713983:-@chr3:141697362:141697524:-,0.23
707494,exon:chr3:141747421-141747507:-@exon:chr3:141724283-141724386:-@exon:chr3:141713862-141713983:-@exon:chr3:141697430-141697524:-,P9_02,1.0,exon:chr3:141724283-141724386:-@exon:chr3:141713862-141713983:-,chr3:141747421:141747507:-@chr3:141724283:141724386:-@chr3:141713862:141713983:-@chr3:141712380:141712427:-,0.25
715576,exon:chr3:167452594-167452639:-@exon:chr3:167443189-167443261:-@exon:chr3:167437850-167438061:-@exon:chr3:167422630-167422683:-,P9_02,0.0,exon:chr3:167443189-167443261:-@exon:chr3:167437850-167438061:-,chr3:167452002:167452138:-@chr3:167443189:167443261:-@chr3:167437850:167438061:-@chr3:167422630:167422683:-,0.86
715577,exon:chr3:167452594-167452639:-@exon:chr3:167443189-167443261:-@exon:chr3:167437850-167438061:-@exon:chr3:167422630-167422683:-,P9_02,0.0,exon:chr3:167443189-167443261:-@exon:chr3:167437850-167438061:-,chr3:167452220:167452332:-@chr3:167443189:167443261:-@chr3:167437850:167438061:-@chr3:167422630:167422683:-,1.0
715578,exon:chr3:167452594-167452639:-@exon:chr3:167443189-167443261:-@exon:chr3:167437850-167438061:-@exon:chr3:167422630-167422683:-,P9_02,0.0,exon:chr3:167443189-167443261:-@exon:chr3:167437850-167438061:-,chr3:167452247:167452298:-@chr3:167443189:167443261:-@chr3:167437850:167438061:-@chr3:167422630:167422683:-,1.0
715663,exon:chr3:167452594-167452639:-@exon:chr3:167452002-167452034:-@exon:chr3:167443189-167443261:-@exon:chr3:167437850-167438061:-,P9_02,0.0,exon:chr3:167452002-167452034:-@exon:chr3:167443189-167443261:-,chr3:167452594:167452651:-@chr3:167452002:167452034:-@chr3:167443189:167443261:-@chr3:167437850:167438061:-,1.0
716123,exon:chr3:167452594-167452727:-@exon:chr3:167452002-167452138:-@exon:chr3:167437850-167438061:-,P9_02,0.0,exon:chr3:167452002-167452138:-,chr3:167452594:167452651:-@chr3:167452002:167452138:-@chr3:167437850:167438061:-,0.54
716124,exon:chr3:167452594-167452727:-@exon:chr3:167452002-167452138:-@exon:chr3:167437850-167438061:-,P9_02,0.0,exon:chr3:167452002-167452138:-,chr3:167452594:167452651:-@chr3:167452002:167452138:-@chr3:167443189:167443261:-,0.58
718063,exon:chr3:176914909-176915040:-@exon:chr3:176816254-176816329:-@exon:chr3:176782708-176782810:-,P9_02,1.0,exon:chr3:176816254-176816329:-,chr3:176914128:176914266:-@chr3:176816254:176816329:-@chr3:176771561:176771706:-,0.01
724000,exon:chr3:185655613-185655924:-@exon:chr3:185649365-185649640:-@exon:chr3:185644389-185644522:-,P9_02,0.0,exon:chr3:185649365-185649640:-,chr3:185655613:185655924:-@chr3:185649365:185649640:-@chr3:185644389:185644522:-,0.97
760855,exon:chr4:122728695-122728777:+@exon:chr4:122730989-122731071:+@exon:chr4:122731122-122731254:+@exon:chr4:122732738-122732796:+,P9_02,0.0,exon:chr4:122730989-122731071:+@exon:chr4:122731122-122731254:+,chr4:122728695:122728777:+@chr4:122730989:122731071:+@chr4:122731122:122731254:+@chr4:122732738:122732826:+,1.0
764537,exon:chr4:152020776-152020866:+@exon:chr4:152022127-152022314:+@exon:chr4:152024023-152024231:+,P9_02,0.0,exon:chr4:152022127-152022314:+,chr4:152021637:152021740:+@chr4:152022127:152022314:+@chr4:152024023:152024231:+,1.0
764659,exon:chr4:152020791-152020866:+@exon:chr4:152021637-152021740:+@exon:chr4:152024023-152024231:+,P9_02,0.0,exon:chr4:152021637-152021740:+,chr4:152020725:152020866:+@chr4:152021637:152021740:+@chr4:152024023:152024231:+,0.79
779114,exon:chr4:48901846-48901942:-@exon:chr4:48899821-48899874:-@exon:chr4:48896023-48896070:-,P9_02,1.0,exon:chr4:48899821-48899874:-,chr4:48906501:48906628:-@chr4:48899821:48899874:-@chr4:48896023:48896070:-,0.17
783790,exon:chr4:76649460-76649709:-@exon:chr4:76649240-76649360:-@exon:chr4:76619982-76620113:-@exon:chr4:76586699-76587233:-,P9_02,1.0,exon:chr4:76649240-76649360:-@exon:chr4:76619982-76620113:-,chr4:76649460:76649795:-@chr4:76649240:76649360:-@chr4:76619982:76620113:-@chr4:76587115:76587233:-,0.01
785072,exon:chr4:77065543-77065626:-@exon:chr4:77065302-77065445:-@exon:chr4:77057339-77057565:-@exon:chr4:77055329-77055515:-,P9_02,1.0,exon:chr4:77065302-77065445:-@exon:chr4:77057339-77057565:-,chr4:77065543:77065626:-@chr4:77065302:77065445:-@chr4:77057339:77057565:-@chr4:77055328:77055515:-,0.01
789314,exon:chr4:83821230-83821376:-@exon:chr4:83820866-83820890:-@exon:chr4:83819142-83819215:-@exon:chr4:83816845-83816927:-,P9_02,0.0,exon:chr4:83820866-83820890:-@exon:chr4:83819142-83819215:-,chr4:83821230:83821376:-@chr4:83820866:83820890:-@chr4:83819142:83819215:-@chr4:83816845:83816927:-,0.85
792042,exon:chr4:88898211-88898249:+@exon:chr4:88901198-88901278:+@exon:chr4:88901545-88901586:+,P9_02,1.0,exon:chr4:88901198-88901278:+,chr4:88898211:88898249:+@chr4:88901198:88901278:+@chr4:88902627:88902950:+,0.26
792074,exon:chr4:88898211-88898249:+@exon:chr4:88901198-88901278:+@exon:chr4:88901545-88901586:+@exon:chr4:88902627-88902950:+,P9_02,1.0,exon:chr4:88901198-88901278:+@exon:chr4:88901545-88901586:+,chr4:88898211:88898249:+@chr4:88901198:88901278:+@chr4:88901545:88901586:+@chr4:88902627:88902950:+,0.2
810295,exon:chr5:138629439-138629717:+@exon:chr5:138642928-138644016:+@exon:chr5:138650364-138650425:+,P9_02,0.0,exon:chr5:138642928-138644016:+,chr5:138629333:138629494:+@chr5:138642928:138644016:+@chr5:138650364:138650425:+,1.0
824347,exon:chr5:177636331-177636448:+@exon:chr5:177637133-177637273:+@exon:chr5:177637554-177638150:+,P9_02,1.0,exon:chr5:177637133-177637273:+,chr5:177636331:177636448:+@chr5:177637133:177637273:+@chr5:177637554:177638184:+,0.09
908639,exon:chr7:130040548-130040662:-@exon:chr7:130039880-130040095:-@exon:chr7:130038580-130038880:-,P9_02,1.0,exon:chr7:130039880-130040095:-,chr7:130040548:130040662:-@chr7:130039880:130040095:-@chr7:130036375:130038880:-,0.2
921267,exon:chr7:30540152-30540297:-@exon:chr7:30538419-30538554:-@exon:chr7:30537357-30537512:-@exon:chr7:30536239-30536851:-,P9_02,1.0,exon:chr7:30538419-30538554:-@exon:chr7:30537357-30537512:-,chr7:30540152:30540297:-@chr7:30538419:30538554:-@chr7:30537357:30537512:-@chr7:30536237:30536851:-,0.0
921493,exon:chr7:30544185-30544418:-@exon:chr7:30540152-30540297:-@exon:chr7:30538419-30538554:-@exon:chr7:30536239-30536851:-,P9_02,0.0,exon:chr7:30540152-30540297:-@exon:chr7:30538419-30538554:-,chr7:30544185:30544457:-@chr7:30540152:30540297:-@chr7:30538419:30538554:-@chr7:30537357:30537512:-,0.66
925057,exon:chr7:43769028-43769051:-@exon:chr7:43750999-43751048:-@exon:chr7:43705257-43705321:-@exon:chr7:43687787-43688251:-,P9_02,0.0,exon:chr7:43750999-43751048:-@exon:chr7:43705257-43705321:-,chr7:43769028:43769083:-@chr7:43750999:43751048:-@chr7:43705257:43705321:-@chr7:43688199:43688251:-,1.0
925793,exon:chr7:43769028-43769096:-@exon:chr7:43705257-43705321:-@exon:chr7:43690092-43690311:-@exon:chr7:43687787-43688251:-,P9_02,1.0,exon:chr7:43705257-43705321:-@exon:chr7:43690092-43690311:-,chr7:43769028:43769083:-@chr7:43705257:43705321:-@chr7:43690092:43690311:-@chr7:43688199:43688251:-,0.0
925846,exon:chr7:43769028-43769096:-@exon:chr7:43705257-43705321:-@exon:chr7:43690211-43690311:-@exon:chr7:43687787-43688251:-,P9_02,1.0,exon:chr7:43705257-43705321:-@exon:chr7:43690211-43690311:-,chr7:43769028:43769083:-@chr7:43705257:43705321:-@chr7:43690211:43690311:-@chr7:43688199:43688251:-,0.0
973529,exon:chr8:67837672-67837776:-@exon:chr8:67834849-67834960:-@exon:chr8:67834559-67834627:-@exon:chr8:67833919-67834349:-,P9_02,0.0,exon:chr8:67834849-67834960:-@exon:chr8:67834559-67834627:-,chr8:67837672:67837777:-@chr8:67834849:67834960:-@chr8:67834559:67834627:-@chr8:67834165:67834349:-,0.56
975664,exon:chr8:74650519-74650579:-@exon:chr8:74621267-74621397:-@exon:chr8:74609543-74609677:-@exon:chr8:74600988-74601048:-,P9_02,1.0,exon:chr8:74621267-74621397:-@exon:chr8:74609543-74609677:-,chr8:74650519:74650584:-@chr8:74621267:74621397:-@chr8:74609543:74609677:-@chr8:74600889:74601048:-,0.0
977523,exon:chr8:74884312-74884482:-@exon:chr8:74876722-74876860:-@exon:chr8:74872000-74872053:-,P9_02,0.0,exon:chr8:74876722-74876860:-,chr8:74882814:74882869:-@chr8:74876722:74876860:-@chr8:74872000:74872053:-,0.99
977524,exon:chr8:74884480-74884522:-@exon:chr8:74876722-74876860:-@exon:chr8:74872000-74872053:-,P9_02,0.127141565084,exon:chr8:74876722-74876860:-,chr8:74882814:74882869:-@chr8:74876722:74876860:-@chr8:74872000:74872053:-,0.99
980005,exon:chr8:86132535-86132582:-@exon:chr8:86131465-86131589:-@exon:chr8:86129615-86129731:-,P9_02,0.0,exon:chr8:86131465-86131589:-,chr8:86132535:86132643:-@chr8:86131465:86131589:-@chr8:86129615:86129731:-,0.67
992195,exon:chr9:127969843-127970000:+@exon:chr9:127975649-127975801:+@exon:chr9:127990189-127990338:+,P9_02,0.0,exon:chr9:127975649-127975801:+,chr9:127969843:127970000:+@chr9:127975649:127975801:+@chr9:127982818:127982979:+,0.99
997010,exon:chr9:15267912-15267946:-@exon:chr9:15249916-15250008:-@exon:chr9:15225915-15226010:-@exon:chr9:15214137-15214247:-,P9_02,0.0,exon:chr9:15249916-15250008:-@exon:chr9:15225915-15226010:-,chr9:15267912:15267946:-@chr9:15249916:15250008:-@chr9:15225915:15226010:-@chr9:15214137:15214247:-,1.0
1002765,exon:chr9:35685266-35685336:-@exon:chr9:35685061-35685136:-@exon:chr9:35684729-35684804:-@exon:chr9:35684485-35684547:-,P9_02,0.0,exon:chr9:35685061-35685136:-@exon:chr9:35684729-35684804:-,chr9:35685266:35685336:-@chr9:35685061:35685136:-@chr9:35684729:35684804:-@chr9:35684485:35684547:-,1.0
1004540,exon:chr9:70483188-70483279:-@exon:chr9:70475444-70475489:-@exon:chr9:70475019-70475078:-@exon:chr9:70473437-70473474:-,P9_02,1.0,exon:chr9:70475444-70475489:-@exon:chr9:70475019-70475078:-,chr9:70483188:70483279:-@chr9:70475444:70475489:-@chr9:70475019:70475078:-@chr9:70473437:70473474:-,0.02
1013328,exon:chrX:102940099-102940188:-@exon:chrX:102939609-102939657:-@exon:chrX:102933427-102933579:-,P9_02,1.0,exon:chrX:102939609-102939657:-,chrX:102940099:102940188:-@chrX:102939609:102939657:-@chrX:102930426:102931979:-,0.46
1027030,exon:chrX:48433340-48433671:+@exon:chrX:48433949-48434471:+@exon:chrX:48434702-48434807:+,P9_02,0.0,exon:chrX:48433949-48434471:+,chrX:48433556:48433671:+@chrX:48433949:48434471:+@chrX:48434702:48434807:+,0.72
